GRID_HEIGHT = 4
GRID_WIDTH  = 4
GEN_SIZE    = 100
MAX_GEN     = 60
AVG_SIZE    = 50

Best AI:   
gmovWeight  = 15486
gapWeight   = -230
zeroWeight  = 14997
scoreWeight = 0
posWeight   = -14
Score: 7777

generation 1
0: 10000 10000 10000 10000 10000 | 3043
1: 3000 6000 17000 15000 13000 | 2888
2: 15000 6000 12000 9000 1000 | 4155
3: 2000 7000 10000 19000 3000 | 4061
4: 6000 0 6000 12000 16000 | 2673
5: 11000 8000 7000 9000 2000 | 3795
6: 10000 2000 3000 7000 15000 | 3169
7: 9000 2000 2000 18000 9000 | 3451
8: 7000 13000 16000 11000 2000 | 4118
9: 9000 13000 1000 19000 4000 | 3731
10: 17000 18000 4000 15000 10000 | 3809
11: 13000 6000 11000 0 16000 | 2808
12: 13000 2000 10000 16000 1000 | 4025
13: 5000 5000 4000 7000 16000 | 3037
14: 5000 6000 9000 13000 17000 | 2657
15: 4000 15000 2000 5000 14000 | 2746
16: 7000 14000 4000 3000 10000 | 3258
17: 7000 8000 16000 18000 8000 | 3304
18: 4000 3000 11000 14000 19000 | 2960
19: 12000 0 16000 8000 19000 | 2694
20: 12000 6000 6000 14000 19000 | 2875
21: 15000 10000 14000 18000 7000 | 3802
22: 1000 17000 2000 17000 12000 | 3281
23: 12000 16000 1000 0 6000 | 3467
24: 1000 5000 9000 4000 19000 | 3009
25: 0 9000 11000 17000 17000 | 3107
26: 11000 1000 15000 9000 7000 | 3408
27: 7000 16000 17000 13000 6000 | 3603
28: 5000 6000 3000 19000 4000 | 3571
29: 8000 11000 12000 9000 3000 | 3639
30: 19000 10000 8000 8000 15000 | 2907
31: 0 9000 16000 3000 18000 | 3017
32: 5000 6000 11000 1000 15000 | 3100
33: 19000 8000 4000 8000 1000 | 4040
34: 10000 13000 0 14000 4000 | 3731
35: 4000 14000 7000 16000 3000 | 3744
36: 11000 7000 5000 19000 16000 | 3358
37: 12000 11000 17000 8000 15000 | 3080
38: 7000 14000 1000 18000 15000 | 3107
39: 9000 17000 15000 13000 18000 | 3108
40: 8000 3000 11000 8000 9000 | 2850
41: 16000 4000 3000 3000 13000 | 3315
42: 18000 6000 0 4000 18000 | 3082
43: 8000 8000 9000 17000 17000 | 2732
44: 16000 4000 3000 10000 3000 | 3575
45: 10000 19000 12000 5000 4000 | 3911
46: 10000 5000 19000 14000 6000 | 3212
47: 9000 2000 2000 4000 17000 | 2899
48: 7000 15000 4000 8000 11000 | 3058
49: 2000 8000 19000 3000 6000 | 3162
50: 8000 0 2000 11000 10000 | 3361
51: 5000 1000 1000 10000 18000 | 2634
52: 5000 0 16000 4000 6000 | 2892
53: 2000 5000 8000 16000 2000 | 3776
54: 18000 4000 17000 2000 4000 | 3503
55: 0 16000 12000 19000 19000 | 2885
56: 10000 8000 11000 13000 11000 | 3486
57: 1000 10000 13000 14000 0 | 4453
58: 3000 19000 1000 19000 16000 | 3045
59: 19000 13000 13000 8000 10000 | 3128
60: 15000 6000 6000 4000 0 | 4465
61: 10000 4000 16000 2000 16000 | 2954
62: 7000 5000 16000 19000 18000 | 2543
63: 7000 12000 8000 12000 19000 | 3344
64: 9000 16000 10000 2000 7000 | 3289
65: 6000 1000 13000 12000 1000 | 4203
66: 15000 19000 19000 1000 4000 | 3686
67: 19000 11000 0 7000 5000 | 3384
68: 8000 7000 10000 4000 18000 | 2557
69: 0 4000 2000 9000 16000 | 2909
70: 1000 10000 4000 12000 12000 | 3465
71: 12000 10000 5000 5000 2000 | 4089
72: 19000 0 2000 18000 13000 | 2818
73: 18000 10000 4000 10000 9000 | 3299
74: 1000 19000 16000 12000 15000 | 3124
75: 14000 4000 19000 9000 13000 | 2612
76: 16000 10000 15000 0 2000 | 3670
77: 19000 4000 13000 5000 1000 | 3823
78: 7000 4000 13000 1000 14000 | 2594
79: 6000 19000 4000 2000 2000 | 3885
80: 6000 4000 1000 2000 8000 | 3168
81: 8000 9000 12000 8000 18000 | 3442
82: 18000 16000 8000 13000 8000 | 3161
83: 3000 13000 13000 8000 10000 | 3350
84: 14000 7000 6000 8000 9000 | 3826
85: 0 6000 8000 17000 9000 | 3041
86: 10000 3000 13000 3000 17000 | 2995
87: 13000 12000 6000 5000 12000 | 3027
88: 16000 15000 8000 17000 9000 | 3349
89: 16000 0 14000 1000 0 | 5380
90: 4000 8000 7000 10000 8000 | 3358
91: 16000 2000 14000 17000 19000 | 2601
92: 3000 19000 2000 8000 3000 | 4107
93: 0 1000 7000 18000 19000 | 3016
94: 11000 15000 14000 19000 12000 | 3271
95: 15000 7000 4000 9000 9000 | 3381
96: 4000 5000 9000 3000 15000 | 3066
97: 17000 0 18000 11000 9000 | 2893
98: 9000 7000 8000 12000 15000 | 2564
99: 3000 4000 9000 10000 2000 | 3704

generation 2
0: 16000 0 14000 1000 0 | 5238
1: 13000 1000 17000 -2500 -2000 | 559
2: 17000 -3500 14000 2000 4500 | 2601
3: 18000 3000 15000 1000 -1000 | 4616
4: 17000 3000 10500 1000 1000 | 3684
5: 16000 -4000 18500 3500 1500 | 2790
6: 18000 1000 16500 5000 -500 | 4743
7: 20000 -4000 10000 -1000 3500 | 2594
8: 15000 0 9000 1000 -3500 | 1645
9: 17000 -2500 14500 4000 -1500 | 3695
10: 17000 -500 11000 3500 500 | 3653
11: 19000 3500 11500 3500 1000 | 4133
12: 20500 -4000 17500 -1000 -5000 | 705
13: 14000 -3000 16000 -4000 -4000 | 398
14: 17000 -4500 11500 -2000 500 | 406
15: 11000 3000 17000 1500 1500 | 3487
16: 13000 -3500 16000 -4000 0 | 242
17: 13500 3000 12500 1000 -3500 | 2007
18: 17000 -4500 11500 500 -1000 | 2384
19: 13500 -1500 11000 2000 -1000 | 3287
20: 20500 3000 13500 -2000 -5000 | 682
21: 11000 -3000 17500 500 2500 | 2808
22: 16000 -2500 14500 4000 -2500 | 3200
23: 11500 1500 15500 500 -3500 | 1287
24: 19000 -4500 17500 3000 -4000 | 3003
25: 13500 500 13500 -3500 -3500 | 478
26: 15500 -5000 18500 5000 -3000 | 2759
27: 11000 500 13000 500 1000 | 3733
28: 19000 500 17500 -500 -1500 | 748
29: 18000 -1000 9000 5500 -500 | 5053
30: 18500 -1500 14000 -2000 -4500 | 689
31: 13000 -500 11500 3000 500 | 4045
32: 15000 -3500 10500 -4000 2000 | 1425
33: 15000 1000 17500 0 1500 | 3253
34: 15500 3000 11000 5000 -3500 | 3842
35: 12500 -3000 11000 3500 -3500 | 3230
36: 17500 0 10000 4000 2500 | 3189
37: 13000 -5000 17000 500 -2000 | 1250
38: 20500 -500 10000 -2500 -4500 | 595
39: 15000 -3500 11500 -1500 -3500 | 649
40: 20000 -2000 9000 -3000 -3000 | 516
41: 12500 -2500 13000 5500 1000 | 3197
42: 12500 -2500 10500 -1500 -4500 | 570
43: 16000 -4500 15500 5000 -4000 | 3149
44: 17000 4000 11000 3000 1500 | 3512
45: 13500 2000 13000 -2500 4500 | 2833
46: 16500 -4500 11500 1500 3000 | 2797
47: 11500 -1500 15500 -3500 -2000 | 436
48: 14000 -3000 10500 -3500 -4500 | 523
49: 13000 -3500 10500 1000 -4500 | 1130
50: 19500 2000 14500 -3500 -1000 | 466
51: 13000 4500 16000 -2000 -4000 | 672
52: 17500 3000 16500 1000 -1500 | 3927
53: 16500 500 16000 -1500 1000 | 2751
54: 17500 500 13000 4000 -3000 | 3516
55: 15500 1500 12500 -2000 2500 | 2711
56: 15000 2000 13500 -4000 2500 | 2491
57: 15500 3000 16000 -2500 -4500 | 665
58: 15000 3000 13500 -2000 4000 | 2907
59: 19000 2500 13500 -2500 1000 | 1333
60: 17500 -1000 16500 -3500 -3000 | 514
61: 20500 -4000 13500 -1000 4500 | 2447
62: 13000 2500 15500 2500 -1500 | 3650
63: 15000 2000 16500 3500 3500 | 3538
64: 15000 -3500 11500 4500 4500 | 2997
65: 12500 -2000 16500 2000 -500 | 3119
66: 20500 3500 17500 3500 4000 | 3373
67: 17500 2000 9500 -2500 1500 | 2773
68: 11000 4500 9000 -1500 -2500 | 741
69: 14500 1500 18500 3000 -5000 | 3144
70: 19500 2500 17000 3000 -3000 | 3798
71: 18500 4000 14000 -3000 -4000 | 600
72: 16500 -4000 9000 -4000 3500 | 2103
73: 16000 2000 10500 1500 -500 | 4770
74: 19000 -3500 13000 4000 -5000 | 3515
75: 13500 2500 16000 -1500 -4000 | 627
76: 14000 2000 17500 -3000 -1000 | 493
77: 11500 4000 18000 -2000 -5000 | 723
78: 11500 -1500 16000 2500 -1000 | 3571
79: 12500 -3500 16000 -500 -1500 | 661
80: 12500 2500 10000 -2500 1000 | 1236
81: 12500 -500 18500 500 -2000 | 2483
82: 11500 2500 9000 5000 4000 | 3184
83: 15000 1000 13000 -500 -1000 | 861
84: 15000 -5000 16500 3500 1500 | 2574
85: 12500 4000 17000 4500 3500 | 3230
86: 18500 1000 15500 5000 -1000 | 4457
87: 13500 -4500 17500 4000 0 | 2567
88: 12500 4000 11500 -2500 3000 | 3051
89: 18500 -3500 9000 -2500 -4000 | 560
90: 15000 -3000 10000 -2000 4500 | 2498
91: 14500 4500 13500 4000 3500 | 3454
92: 14500 500 9500 -4000 -500 | 333
93: 15500 3500 10000 5000 1500 | 4146
94: 17000 -4500 14500 1000 3000 | 2281
95: 11000 3500 15000 2000 -4500 | 3591
96: 14000 -4500 11500 500 3500 | 2613
97: 19000 -1000 17000 -1500 -3000 | 701
98: 13500 -3000 13000 5500 -3000 | 3223
99: 15500 -1000 15500 2000 -1500 | 3232

generation 3
0: 16000 0 14000 1000 0 | 4736
1: 15667 -1666 13000 -2333 0 | 243
2: 19000 -1333 12000 -2333 333 | 744
3: 15000 1000 13667 -333 0 | 965
4: 15334 2333 14333 1333 3000 | 1563
5: 13000 -333 11000 -666 2666 | 1275
6: 15667 333 14666 3333 -2666 | 1286
7: 16000 -1000 13000 667 -1000 | 3383
8: 15667 -666 12667 2000 -3333 | 3358
9: 18333 666 15000 3666 3000 | 3037
10: 13667 -1333 13334 -333 -333 | 1171
11: 19000 -1000 17000 -2000 -2000 | 547
12: 18333 -2666 15666 667 333 | 2474
13: 18333 333 16666 3000 -3333 | 1303
14: 18666 2333 10667 -1000 333 | 1132
15: 12667 1000 15666 -666 333 | 2584
16: 14667 -3333 16666 2666 -1333 | 1415
17: 19000 1333 12334 3666 -1000 | 2187
18: 15667 -1000 13667 3333 -333 | 4780
19: 13000 -1333 10667 1333 1666 | 1385
20: 17000 -333 14666 2000 1000 | 1660
21: 13667 -1333 12667 1333 333 | 1608
22: 16000 2333 14666 -2333 -2000 | 1113
23: 18666 3000 17000 3000 2666 | 3164
24: 14667 2333 16333 334 1333 | 1602
25: 14667 -3000 15000 4000 666 | 3041
26: 15334 666 15333 -2333 2333 | 3010
27: 15000 -2000 11667 -333 -1000 | 648
28: 17666 -666 12000 4000 -666 | 4021
29: 15667 -333 13000 -2333 -1666 | 889
30: 18333 2666 11667 2666 -1333 | 4122
31: 15667 -3000 13000 -1666 666 | 936
32: 16666 0 12000 -333 333 | 3012
33: 17333 -1666 13000 3333 -2333 | 3403
34: 17333 -2000 14333 1000 -2333 | 2745
35: 19000 333 15000 0 333 | 1792
36: 18666 -2000 14000 2000 3000 | 2737
37: 15334 -2333 15000 334 -1666 | 1050
38: 18333 -3333 13334 2333 -1333 | 1284
39: 19000 -666 14333 3666 -1666 | 3306
40: 17666 666 14000 3666 1333 | 3537
41: 14334 2666 12667 3666 2333 | 3546
42: 18333 -333 11000 4000 -2666 | 1641
43: 17000 -666 16333 3666 2000 | 2915
44: 13667 1666 16000 1333 -3000 | 3284
45: 17333 -2666 13667 3333 -3333 | 3312
46: 15000 -2000 12000 667 -2333 | 1830
47: 18666 1333 11000 3000 1000 | 1728
48: 18666 1333 15333 1333 -1666 | 1171
49: 18000 2000 15000 2333 1333 | 3501
50: 13000 -333 11334 667 666 | 1526
51: 13667 -2333 12667 -666 -3000 | 1083
52: 18666 666 12334 -1666 -3000 | 702
53: 12667 666 13000 2000 -3000 | 3234
54: 16666 333 15666 -333 1666 | 1283
55: 16666 1666 14333 -333 -3000 | 880
56: 18666 3000 14000 1666 -333 | 5076
57: 17333 -1000 14666 1666 666 | 3075
58: 14334 0 16000 -1333 -2000 | 659
59: 15667 -2333 13334 3333 2333 | 1285
60: 15667 -333 10667 -1000 2000 | 1324
61: 15000 -333 11667 1333 1666 | 1561
62: 14000 -333 15333 -333 1000 | 1244
63: 13667 -3333 10667 334 666 | 1346
64: 14334 -1666 15333 -2000 -666 | 441
65: 18666 333 12000 -333 -666 | 1081
66: 17000 2000 13667 2000 666 | 3573
67: 18333 -3000 11000 -2333 666 | 510
68: 15334 -2000 15000 2666 -2666 | 3654
69: 14667 0 11334 3666 2666 | 2937
70: 14667 -2333 12000 1666 2333 | 1320
71: 14000 0 13334 334 -333 | 4481
72: 15334 -3000 12334 3333 -1000 | 3119
73: 15667 -1000 10667 1333 -1000 | 3336
74: 16666 333 12000 3333 -1333 | 1516
75: 14667 1666 16333 -2000 1000 | 1971
76: 15000 3000 13667 -1333 666 | 2678
77: 14667 -666 11334 -333 -666 | 714
78: 13667 -1333 11334 334 1666 | 1173
79: 15667 0 11334 667 -3000 | 1313
80: 13334 1000 12000 -333 -2666 | 917
81: 16333 -2000 16333 -2333 -1666 | 485
82: 13334 -1000 12334 -1333 333 | 549
83: 15667 -333 14333 -1333 -1000 | 1020
84: 16333 -1000 15000 2000 -1000 | 3458
85: 13000 -2666 16333 -1333 -2333 | 532
86: 18666 -1666 13334 2666 -2333 | 3431
87: 16000 -1333 13334 0 -1333 | 1041
88: 17000 -2666 12334 1000 -1666 | 2857
89: 15334 3000 13000 1333 1666 | 3212
90: 17333 -2333 11334 -2333 2000 | 1144
91: 15667 -3000 14333 0 2000 | 2380
92: 14667 2333 15333 2666 666 | 1816
93: 18333 -1666 14000 -666 -1666 | 663
94: 15334 333 13000 -333 -3000 | 1118
95: 16666 1333 15000 4000 -1333 | 1572
96: 12667 -1333 11000 -1666 -1333 | 1004
97: 18333 -2333 17000 -2333 0 | 679
98: 15000 -1000 10667 -2000 -2666 | 534
99: 14000 3000 13000 2666 2000 | 3758

generation 4
0: 16000 0 14000 1000 0 | 5462
1: 14000 -2000 12500 -1500 1500 | 2650
2: 17500 -2500 15250 2250 -1500 | 3207
3: 14500 -1750 14500 2750 -1500 | 3260
4: 14500 -750 14000 250 1750 | 2695
5: 18250 -2500 14250 2500 -1500 | 3018
6: 16250 -2250 14250 -500 1000 | 2707
7: 15750 2000 13500 1750 2250 | 3088
8: 17750 -2250 16250 1500 1500 | 2716
9: 14500 1500 16250 500 -1250 | 3668
10: 17250 500 14750 2750 500 | 4511
11: 14000 1500 12500 1750 -1500 | 4375
12: 15500 1500 12750 -1500 -2250 | 651
13: 16250 -2250 16250 -1500 1250 | 2499
14: 18000 1750 15500 1000 -250 | 5049
15: 14750 -1000 15750 -500 1000 | 3191
16: 17000 500 16250 250 -250 | 4801
17: 16250 -2250 16000 250 1250 | 2566
18: 14000 1250 12250 -1500 -750 | 646
19: 14500 250 13750 2500 -1750 | 3121
20: 17500 -1000 14500 -500 1500 | 2639
21: 16750 -250 12000 -1000 -1000 | 657
22: 17750 1750 16000 500 1500 | 3132
23: 18250 250 16000 750 2000 | 2676
24: 14750 -1500 14750 500 -1500 | 2194
25: 13750 -1250 13250 1000 -2250 | 3174
26: 14250 -1000 13250 250 -2000 | 1119
27: 14500 -2250 14500 3000 1250 | 2869
28: 18000 1250 14500 500 1250 | 2843
29: 15750 -750 13000 3250 -250 | 4477
30: 14500 -1500 14750 1000 500 | 2923
31: 15750 250 13750 2500 750 | 3691
32: 16000 250 14250 3000 2250 | 3223
33: 16750 1000 11500 -250 500 | 3308
34: 17250 1250 11500 -1500 -1750 | 639
35: 17250 -2250 12250 2000 -2500 | 3372
36: 16500 2000 12500 2750 -500 | 5015
37: 15500 -1000 14250 1000 1000 | 3434
38: 14500 -2500 13000 250 0 | 1430
39: 14750 -2250 15500 2750 -1000 | 2863
40: 15750 500 15000 -1250 -1500 | 639
41: 17750 -500 12750 -1500 -2000 | 653
42: 14750 -1500 14750 -1250 -2250 | 697
43: 16750 -2000 13250 2750 500 | 3193
44: 17000 -2250 12500 -1500 -2250 | 586
45: 17250 -1250 12000 1250 -2000 | 3752
46: 13500 500 13000 2000 -1250 | 4197
47: 14250 500 15000 500 -1500 | 2943
48: 15500 -1000 13750 -1250 2250 | 2732
49: 14000 -750 14750 -1000 -1500 | 778
50: 17750 1500 15750 -1000 1500 | 3293
51: 18000 -250 14750 -1500 500 | 887
52: 15250 750 15750 -250 -750 | 1118
53: 14000 -500 14250 500 -250 | 3413
54: 17500 1750 13250 2750 0 | 4435
55: 15000 250 15750 1500 750 | 3369
56: 16750 -250 13750 1250 -1750 | 3632
57: 17750 -2250 12500 -1000 1000 | 2414
58: 15750 -250 13250 0 -750 | 1236
59: 15000 -2500 15250 1000 -250 | 2425
60: 17500 -1000 13000 -750 1250 | 2538
61: 17500 -2000 13000 0 1000 | 2775
62: 13500 2250 15250 -1250 -2000 | 737
63: 18250 250 15500 2250 750 | 3866
64: 16000 -1500 15250 750 -2000 | 2472
65: 14000 -750 12250 750 1750 | 3009
66: 16500 -1000 15250 1000 -2250 | 3291
67: 14000 2000 12250 750 -1500 | 3978
68: 17750 -2250 15500 1750 1000 | 2793
69: 16000 -1500 12750 0 2250 | 2774
70: 16250 -500 15500 3000 -250 | 4809
71: 16000 -2500 13750 1750 -2250 | 3170
72: 15000 1750 16250 2000 -750 | 4187
73: 13750 1500 16000 -500 1750 | 3200
74: 14000 1000 16000 1000 -750 | 3933
75: 16750 750 12250 1000 2250 | 3279
76: 17000 750 11500 1000 250 | 4264
77: 13750 -2250 12250 1000 -1000 | 2795
78: 14750 -250 12500 2500 1250 | 3325
79: 14250 1750 14250 1750 1000 | 3581
80: 15750 -500 13500 3250 2000 | 2946
81: 15250 -1500 14250 1000 1250 | 3038
82: 14250 -1500 11500 2250 -750 | 3677
83: 16500 -500 13500 2250 250 | 4164
84: 15000 500 11500 -1000 -250 | 590
85: 15250 -1000 16000 3000 250 | 3658
86: 16500 2250 16250 1500 2250 | 3015
87: 18000 2250 12250 -1250 -250 | 745
88: 16000 -1500 15000 1250 250 | 3099
89: 13750 -1750 11500 -1250 0 | 258
90: 16250 -750 15250 -750 0 | 413
91: 14500 0 13500 2000 -2500 | 3385
92: 18250 2250 11500 3250 250 | 4651
93: 18250 -250 12250 2000 0 | 5106
94: 16500 1750 13250 3000 -500 | 5244
95: 18000 250 12250 1000 -1500 | 3686
96: 16750 -2250 12500 500 -1500 | 1972
97: 15000 -1500 13000 2000 250 | 3241
98: 15250 -1250 14000 250 1500 | 2686
99: 16750 2000 15750 2500 -1500 | 3914

generation 5
0: 16000 0 14000 1000 0 | 4898
1: 16400 -200 15000 2800 -1800 | 3358
2: 16000 600 13200 -800 600 | 2692
3: 15600 -600 14600 600 800 | 3161
4: 14800 -800 14000 2000 0 | 4508
5: 17600 -200 14200 200 1800 | 3115
6: 14400 -400 14600 800 -800 | 3489
7: 15400 -1800 15000 1800 400 | 3379
8: 15600 -1200 15400 1800 1400 | 3032
9: 14600 800 15400 600 -1400 | 3724
10: 16200 600 12200 1600 -2000 | 3859
11: 14600 200 13800 1800 -200 | 5137
12: 14000 1200 14000 1600 -800 | 4241
13: 17200 -2000 15800 1200 800 | 2934
14: 16400 400 14000 -800 -800 | 696
15: 14000 -1200 12200 2400 600 | 3705
16: 17200 -400 15600 2400 -1600 | 3491
17: 17600 -1800 13000 -1000 1000 | 2785
18: 15400 -2000 12800 800 800 | 2638
19: 14400 -1000 13200 -800 -400 | 525
20: 16600 600 12000 2000 -600 | 3672
21: 17800 1000 14200 1400 400 | 4024
22: 14800 -2000 12200 -600 1400 | 2704
23: 17000 -1800 15600 1400 600 | 3009
24: 15200 200 14600 -600 -2000 | 722
25: 15400 -1200 15400 200 -1000 | 1276
26: 15200 1800 14200 2600 800 | 4363
27: 17600 -200 14000 800 600 | 3382
28: 16800 -800 14600 2000 -400 | 4013
29: 16200 -1600 12200 -800 -600 | 530
30: 16800 1800 15600 600 -1800 | 2654
31: 17800 -600 13000 2200 600 | 4183
32: 14600 800 12800 1800 -1000 | 4170
33: 16200 -1200 14800 1600 600 | 3242
34: 15600 -600 15800 1600 1000 | 3278
35: 14000 -1200 15400 -800 1600 | 2874
36: 14800 -400 15400 2000 -400 | 4102
37: 16200 800 15000 600 0 | 4932
38: 14200 200 15400 0 1400 | 2962
39: 14400 1200 12200 2200 -200 | 4736
40: 15400 1200 15400 2600 0 | 4906
41: 14800 1600 13200 -800 400 | 3093
42: 14800 1600 14400 1800 600 | 3786
43: 14000 -1000 15800 2000 600 | 3560
44: 14200 1200 15400 2600 800 | 3809
45: 16800 -2000 12400 2200 -200 | 3409
46: 16400 1000 15400 -800 600 | 3104
47: 17800 1400 12800 200 1600 | 3352
48: 17200 -1600 13600 600 -400 | 2738
49: 16600 -2000 14600 -200 1000 | 2763
50: 17800 -800 12800 600 1200 | 2938
51: 16000 -1600 13800 1400 0 | 3407
52: 17600 1200 13000 400 -200 | 5411
53: 16200 -600 13200 2000 -1000 | 3271
54: 17400 -1400 13400 2400 -1400 | 3308
55: 17200 -1400 12600 -800 -600 | 497
56: 16000 400 14600 200 -2000 | 1122
57: 16000 1200 15000 2800 -1800 | 3745
58: 17400 -200 15400 2000 -400 | 4368
59: 17800 -800 15000 0 600 | 2974
60: 14000 800 15200 -1000 400 | 1633
61: 16200 -400 15000 1800 -200 | 5106
62: 16800 1200 14800 600 -1400 | 3586
63: 16800 0 14200 -800 -1800 | 751
64: 16400 1800 12400 -600 -800 | 831
65: 16000 -1800 14400 2600 1600 | 3014
66: 15000 0 13000 1600 0 | 5201
67: 15800 1200 15600 -200 0 | 1288
68: 14000 1600 15600 1800 1600 | 3337
69: 16600 -2000 12000 0 -1600 | 780
70: 16600 1400 14600 2000 200 | 4612
71: 17800 1600 12800 -400 1200 | 3010
72: 14600 -2000 13200 -1000 -1000 | 560
73: 15800 -200 12200 2800 -1000 | 3687
74: 14600 1800 15000 -800 -1000 | 764
75: 16800 1000 13200 200 -2000 | 1317
76: 14000 -2000 13800 0 1000 | 2571
77: 16600 1200 13000 2400 1800 | 3517
78: 14200 400 15800 -1000 400 | 1389
79: 17200 -200 12200 2400 -400 | 4446
80: 15200 -2000 12000 1800 -1800 | 3103
81: 17400 -400 13600 2000 -800 | 3761
82: 14000 1000 13200 -600 400 | 3416
83: 16800 1000 13600 2800 400 | 4297
84: 17800 600 13000 1000 600 | 3886
85: 15800 -800 14800 -400 -1400 | 839
86: 14400 -1800 15000 1800 1000 | 2944
87: 15800 400 15000 2400 -600 | 4256
88: 14400 1600 15000 600 -2000 | 2162
89: 15400 800 13400 600 800 | 3499
90: 17800 1800 15800 2200 0 | 4933
91: 16400 -800 13600 200 -200 | 3350
92: 16400 -2000 12400 2800 -600 | 3209
93: 17600 -400 15800 1600 -800 | 3019
94: 17600 1000 15200 1600 1200 | 3233
95: 15600 600 12400 2000 600 | 3671
96: 17200 -800 14400 2000 -1400 | 3569
97: 16800 1800 12200 -400 1400 | 3007
98: 14400 -600 15600 -200 -800 | 995
99: 15000 800 15000 2200 -400 | 4448

generation 6
0: 16000 0 14000 1000 0 | 4707
1: 16666 500 14666 1000 833 | 3492
2: 16500 500 12500 1666 -1333 | 3444
3: 16500 -666 15166 -166 1500 | 2584
4: 14834 666 14666 -666 333 | 2475
5: 14667 500 12334 1000 -1666 | 3749
6: 17500 1500 15333 334 1333 | 3581
7: 16666 500 12834 667 833 | 3491
8: 17333 -1500 13834 1166 833 | 2944
9: 16166 -833 14666 834 -1666 | 1224
10: 15167 333 14666 2500 -1000 | 1860
11: 17500 -1333 13834 2500 -1000 | 1498
12: 16000 1333 14833 -666 1000 | 1474
13: 15167 666 12500 834 666 | 3059
14: 17166 -500 13500 334 1500 | 3284
15: 16833 1166 15000 834 1333 | 3293
16: 17000 -666 12834 -166 -666 | 932
17: 15500 -1333 12334 2166 500 | 1606
18: 17000 1500 12834 0 1500 | 3659
19: 16166 -166 13167 1500 1333 | 3342
20: 16166 -1333 15333 2333 -333 | 1892
21: 15834 -833 15166 167 -666 | 1172
22: 15667 500 14500 1166 1000 | 3181
23: 16166 0 15333 1166 1500 | 3139
24: 14834 1500 15333 334 -1166 | 2588
25: 15834 1333 14500 334 -1166 | 1316
26: 14834 1166 13167 -500 -333 | 810
27: 15167 0 13167 -333 -500 | 812
28: 16333 -1333 12500 167 -833 | 1137
29: 15834 1000 15000 -666 1500 | 3689
30: 16833 -1166 15333 334 0 | 2933
31: 16666 833 12334 2500 666 | 1744
32: 14834 -1333 12834 667 -1000 | 1129
33: 16166 500 13334 2166 -500 | 3948
34: 15334 -1500 14000 2500 -666 | 3613
35: 15500 -333 14666 -166 -333 | 1217
36: 16500 166 13000 -166 -166 | 1098
37: 15334 -166 15000 334 -333 | 4141
38: 16000 -1500 14166 1666 -1500 | 3268
39: 15500 1166 14666 167 666 | 3683
40: 16500 166 14833 1833 0 | 5352
41: 16500 -1166 14166 500 1333 | 2604
42: 16166 333 12500 1833 -333 | 1969
43: 16000 -1500 15166 500 1500 | 2711
44: 15334 1166 14333 834 -1166 | 4194
45: 16500 1000 12500 2500 500 | 3744
46: 15500 500 13167 1833 -1666 | 3337
47: 15500 -1666 12834 2333 -1666 | 3258
48: 16666 0 14333 1833 1166 | 3282
49: 16333 -666 14166 -333 -833 | 926
50: 16000 -1666 14666 -166 -166 | 670
51: 17333 -333 15166 1166 -333 | 1852
52: 16000 1333 12500 500 -833 | 1328
53: 14500 -500 13334 2166 1166 | 3444
54: 15334 166 15500 1000 1333 | 3183
55: 17166 -1166 15000 667 -833 | 3177
56: 14500 0 15166 667 -833 | 4017
57: 15334 1333 14666 1833 -166 | 2222
58: 14667 1166 15500 1833 -833 | 3466
59: 15167 1000 13000 -166 -833 | 1137
60: 14500 -166 13667 -500 166 | 1386
61: 15500 1333 13334 -166 1333 | 1406
62: 16166 1166 13667 -666 -833 | 755
63: 16666 -666 12834 667 500 | 3146
64: 16333 -1333 14166 -166 1166 | 1248
65: 15667 -1666 13167 1333 -1166 | 3441
66: 16166 500 13000 1166 666 | 3126
67: 17000 1333 13000 -333 666 | 1549
68: 14667 -666 14166 -166 -666 | 934
69: 17000 -166 13167 1166 -166 | 4901
70: 17333 833 14166 834 1333 | 1639
71: 15667 1166 15500 1500 -1500 | 3617
72: 16666 1000 14833 2500 -333 | 5293
73: 14500 -500 15333 334 -166 | 3829
74: 16333 -333 13500 -166 -1166 | 1221
75: 15334 166 14333 1166 -1333 | 3453
76: 14500 -1500 15166 1333 -1166 | 3447
77: 15667 333 14333 500 1333 | 1420
78: 16666 500 13334 -500 333 | 3535
79: 16666 -1333 14166 167 -333 | 990
80: 16500 1166 13834 -666 500 | 3477
81: 16333 1333 15000 167 -1500 | 1241
82: 17500 1333 12834 667 -1166 | 1200
83: 17333 -333 14833 1000 833 | 1402
84: 15167 1000 12500 1333 1166 | 3410
85: 16500 1333 12334 167 -1166 | 1143
86: 15667 1333 12500 834 0 | 2626
87: 15334 -1333 13834 -333 1500 | 1228
88: 16000 500 13834 167 666 | 3579
89: 16333 -1166 12667 -666 -666 | 544
90: 16000 -833 12667 1166 -166 | 2129
91: 16333 -1000 13667 0 -1500 | 882
92: 16166 333 14166 0 666 | 1413
93: 16666 0 13667 -166 -833 | 1075
94: 15500 -833 15333 667 166 | 1718
95: 16333 -1500 13334 1833 -1500 | 3059
96: 16333 -833 15333 500 -333 | 1387
97: 15667 166 13000 2000 833 | 3504
98: 15334 1500 15500 834 1000 | 3255
99: 16500 -1166 15333 -500 1333 | 2849

generation 7
0: 16000 0 14000 1000 0 | 5010
1: 14572 -714 14714 -142 571 | 2640
2: 16142 -142 12572 572 714 | 3378
3: 15715 -857 14857 286 -571 | 1064
4: 15429 -142 14428 -142 428 | 2881
5: 16714 -571 12572 858 0 | 2391
6: 15143 -142 14857 1714 -1000 | 3678
7: 16285 -428 13715 572 0 | 4754
8: 16714 142 14142 1714 1142 | 3140
9: 15429 857 14571 1714 -1285 | 1659
10: 14572 428 14000 1571 714 | 3811
11: 16714 -1285 14428 1714 142 | 2011
12: 15000 285 14285 -428 1285 | 1564
13: 16857 285 13572 1857 285 | 1683
14: 15858 -1000 13000 -428 142 | 1064
15: 16428 -571 13572 715 428 | 1482
16: 14572 -285 13572 -142 571 | 1224
17: 16571 1142 14857 715 -714 | 4256
18: 17285 142 15000 1142 142 | 4182
19: 17000 1285 14857 1857 -285 | 1899
20: 15715 -714 13000 0 -714 | 1104
21: 16571 857 13000 1428 -857 | 1573
22: 15858 428 14428 1857 857 | 4009
23: 17285 -1142 14571 1714 -1142 | 3497
24: 17285 -571 14571 858 0 | 2241
25: 17000 1142 12715 286 571 | 3603
26: 15858 428 15285 1428 857 | 3184
27: 16857 1285 13286 1142 428 | 1817
28: 15858 -1428 13429 1571 -285 | 3098
29: 16571 571 14142 715 -1285 | 1129
30: 16428 -1428 13715 2285 -1285 | 3277
31: 17142 -142 15285 2285 571 | 3610
32: 16428 -1285 12572 143 -571 | 1094
33: 15715 285 13286 1428 -1000 | 1364
34: 16000 -1000 13143 858 1000 | 2741
35: 16285 -1000 13000 1714 -857 | 3460
36: 15286 -142 14857 286 -1428 | 1410
37: 17000 714 13858 1857 -571 | 4404
38: 15143 -1285 13572 143 1000 | 1302
39: 15286 285 13858 0 -571 | 1420
40: 16285 428 13858 715 571 | 3502
41: 17142 428 14000 1571 -285 | 4763
42: 15429 1285 13858 -142 -857 | 1288
43: 16000 142 14142 2285 1285 | 3561
44: 17000 714 14285 286 1285 | 3162
45: 15858 -1142 14285 1000 -714 | 2997
46: 16000 571 14142 1142 -1000 | 1307
47: 15286 -1285 13715 1714 714 | 1461
48: 15715 428 14571 2142 -428 | 4461
49: 16000 -1428 15142 -285 1285 | 2668
50: 15858 142 14714 -285 -285 | 894
51: 15429 -1142 14000 1000 285 | 3348
52: 16857 -1428 13572 572 -1000 | 3091
53: 14858 -857 13286 1000 285 | 1749
54: 14572 1142 13286 572 -285 | 4634
55: 16428 -142 13715 0 -1000 | 1198
56: 15715 428 14571 1714 -571 | 4366
57: 14858 -1285 13858 143 -857 | 1159
58: 14715 -1428 13143 -428 1285 | 2409
59: 14572 -1142 13143 286 -857 | 2276
60: 16857 1000 13000 1428 857 | 3187
61: 16142 -571 15142 1285 -1142 | 1106
62: 14715 -1428 14714 572 -428 | 3069
63: 16428 -1285 12572 -142 -714 | 1217
64: 15143 857 15142 -285 -285 | 1253
65: 17000 -1285 13000 1428 1142 | 1657
66: 15572 -1285 13572 -142 714 | 1313
67: 15143 -571 14428 1571 1142 | 1579
68: 16714 -428 14000 -142 571 | 2559
69: 17000 857 13572 2000 0 | 2438
70: 15143 571 15142 -142 714 | 1677
71: 15572 285 13715 -142 1000 | 1296
72: 17142 -142 15285 286 285 | 3498
73: 15429 -1285 14000 2285 714 | 1588
74: 15715 -428 12858 2142 -1285 | 3460
75: 15715 -428 15000 572 857 | 3220
76: 14572 285 14000 1000 -571 | 1678
77: 17000 -142 14000 286 142 | 3473
78: 15715 -1000 12715 2285 -1285 | 3293
79: 15286 -714 12858 1714 857 | 3181
80: 16000 714 13000 1285 428 | 3662
81: 15286 428 12572 1571 -1428 | 3602
82: 15715 -571 13143 2285 1000 | 1554
83: 15000 857 15142 1428 571 | 1613
84: 16000 428 13858 0 285 | 3488
85: 14858 -285 13858 286 714 | 1502
86: 15429 714 12858 -285 1285 | 3240
87: 16714 -571 14285 572 428 | 1539
88: 15286 714 14142 -285 -571 | 1050
89: 15715 -857 14714 572 0 | 2180
90: 15858 -142 13000 1000 285 | 3476
91: 15715 428 14285 2000 0 | 5120
92: 17285 714 15000 -285 1000 | 3459
93: 16857 -285 14714 -285 714 | 1374
94: 15715 1142 12858 -428 1285 | 3225
95: 14715 -1428 13143 1857 1285 | 2695
96: 16571 1000 13715 858 -428 | 4468
97: 14572 1000 14285 143 -428 | 4422
98: 14858 -1000 12858 2285 -857 | 3379
99: 17285 -285 14285 1714 -142 | 2106

generation 8
0: 16000 0 14000 1000 0 | 5356
1: 16125 375 13625 875 -1000 | 1236
2: 15500 375 14000 1000 -1000 | 1128
3: 15125 125 14375 500 -375 | 1844
4: 16000 250 13375 1875 -500 | 4127
5: 16125 -1125 12750 500 0 | 1603
6: 15500 -875 13000 625 500 | 1498
7: 17125 0 13625 500 -1250 | 3481
8: 15875 -625 13375 1250 625 | 1525
9: 15750 -375 15000 1375 375 | 1549
10: 15375 750 13375 125 375 | 3506
11: 16250 -500 14500 250 250 | 3139
12: 16750 0 14750 2125 -125 | 5376
13: 15000 1000 12750 0 875 | 2867
14: 16250 -875 13000 1875 625 | 1476
15: 15875 875 13125 750 125 | 2329
16: 15750 375 13625 500 750 | 1405
17: 14750 1000 13125 625 500 | 3192
18: 15625 -875 13250 1625 500 | 1657
19: 16500 0 13375 1500 250 | 3800
20: 15000 1000 14625 1750 625 | 3895
21: 15125 -625 13375 500 375 | 1586
22: 16750 -500 15125 1625 250 | 3723
23: 15625 -375 13000 0 500 | 1293
24: 16750 0 14000 -125 875 | 2812
25: 15250 -375 13625 875 375 | 1721
26: 17125 -875 14125 625 1125 | 1521
27: 17000 0 14875 125 -250 | 4321
28: 16000 125 14500 -125 1000 | 1364
29: 15625 -125 13500 -125 125 | 1543
30: 16250 1000 14375 0 125 | 4301
31: 15125 1125 15000 1000 -1250 | 1115
32: 15125 -1000 13250 1500 -125 | 4108
33: 16625 -750 14125 1250 -1250 | 3618
34: 17125 625 13125 1375 750 | 1707
35: 15000 250 13375 -250 500 | 2995
36: 15875 250 13250 1500 -375 | 4435
37: 16625 875 13500 375 -1250 | 1290
38: 15500 -250 13000 0 500 | 3128
39: 15125 1000 14000 1500 -1000 | 3519
40: 16000 375 14875 500 1000 | 1327
41: 15500 -250 13125 125 -250 | 3967
42: 15875 250 14250 375 -375 | 4254
43: 17125 -1250 14750 375 875 | 2928
44: 16750 -750 14875 2000 -500 | 3640
45: 15125 375 14750 1375 -375 | 1664
46: 17125 750 14250 750 -1000 | 3536
47: 15125 -500 13000 2000 0 | 4732
48: 16000 -375 14500 1500 250 | 1970
49: 16375 500 13250 1000 125 | 4663
50: 16375 -500 13625 1000 875 | 2369
51: 16500 -625 13000 0 0 | 1608
52: 16000 375 13500 1500 -1000 | 1541
53: 14750 -125 13750 0 -375 | 1376
54: 16000 -750 14500 375 1125 | 3032
55: 17000 1000 13375 1500 -250 | 4575
56: 15750 -375 13625 1750 -125 | 2063
57: 16750 -1000 14500 2000 -750 | 3212
58: 15375 -1250 15000 125 625 | 2815
59: 16250 -750 14750 1250 1000 | 2798
60: 15250 625 13125 1000 -1250 | 1285
61: 16500 -125 14000 1125 -875 | 1316
62: 17125 125 13125 2000 -375 | 2030
63: 16250 -500 12875 625 -750 | 3599
64: 17000 -750 13375 750 1125 | 3107
65: 16250 250 14625 750 750 | 3583
66: 16500 250 14125 875 625 | 3706
67: 16125 -875 13250 0 -500 | 1287
68: 17125 375 14875 0 -875 | 1258
69: 16875 625 13875 2000 500 | 1834
70: 15375 -250 14000 1000 -250 | 4008
71: 15875 500 12750 375 625 | 3555
72: 16875 125 15125 -250 -1250 | 1242
73: 16500 250 13125 2000 -500 | 4341
74: 15875 0 14125 500 250 | 3728
75: 15500 -875 15125 1625 500 | 1637
76: 15375 -1250 14500 1625 -875 | 3338
77: 15125 875 13875 125 500 | 1534
78: 15250 250 13375 250 375 | 3892
79: 15375 1000 14875 -250 -125 | 1147
80: 15125 -1125 15125 500 1125 | 1433
81: 15125 250 14625 125 1125 | 2883
82: 15875 -1250 14125 125 -250 | 2999
83: 15500 -500 13375 1750 -1000 | 3310
84: 17125 -1250 14500 1750 750 | 3236
85: 15625 -1125 13625 1750 375 | 1714
86: 16750 125 14500 625 875 | 1756
87: 16375 -1000 12875 750 -625 | 3588
88: 16250 -125 15000 250 -625 | 1291
89: 15500 0 13125 1125 -500 | 3876
90: 15375 -1000 15125 1250 0 | 3833
91: 16625 125 13125 0 -250 | 1449
92: 16750 0 15125 1000 -125 | 5480
93: 15875 625 14250 1000 -750 | 1248
94: 15875 -875 13375 625 1125 | 1551
95: 16000 375 13875 1500 750 | 1622
96: 15750 125 14000 2125 625 | 1606
97: 14750 -500 15125 125 -1125 | 1265
98: 15625 1125 13125 2000 -1125 | 1520
99: 16375 -375 14875 375 0 | 2475

generation 9
0: 16750 0 15125 1000 -125 | 4945
1: 15750 777 14125 1333 -1125 | 1436
2: 16084 666 14459 112 -14 | 5734
3: 17750 333 15347 1555 -569 | 2067
4: 17083 -555 14792 889 -902 | 1202
5: 17750 -111 15347 1777 -1236 | 1105
6: 17750 0 14792 1555 652 | 3725
7: 15862 666 14792 1666 -1125 | 3506
8: 15639 -1111 16013 1666 319 | 1854
9: 15750 555 16125 1333 -125 | 2330
10: 16195 888 14792 445 -458 | 4580
11: 16861 666 14903 223 208 | 3659
12: 16528 555 15680 667 -125 | 2160
13: 16195 0 16013 334 -569 | 4024
14: 15639 -666 14681 1000 -1236 | 3031
15: 16972 111 15680 1222 541 | 1696
16: 16195 -111 15569 1222 319 | 1755
17: 17083 555 15125 1333 -14 | 2195
18: 17416 333 14681 1111 -1125 | 1140
19: 16528 -222 15236 556 97 | 3922
20: 16639 888 15791 1555 -1236 | 3919
21: 17416 1000 14348 223 -14 | 5213
22: 17750 -1111 14125 445 -680 | 972
23: 16417 0 14014 1888 -902 | 3284
24: 16861 444 15014 889 652 | 3474
25: 16750 777 14681 1333 541 | 1700
26: 17638 -888 14681 667 -236 | 3316
27: 16417 -777 14903 1000 875 | 1537
28: 16972 -888 16125 1333 -458 | 3556
29: 17416 -1111 15125 1777 -125 | 2059
30: 17083 -1111 15791 112 -125 | 1366
31: 17194 -666 16125 1222 652 | 3609
32: 16417 0 15236 1444 652 | 3333
33: 15639 333 15458 889 -902 | 1196
34: 16084 -1000 15902 1555 -569 | 3610
35: 17527 222 16013 667 -236 | 4438
36: 16639 -1111 14125 445 430 | 1367
37: 16861 111 15236 223 -902 | 1225
38: 16639 0 14681 -111 541 | 3233
39: 17305 333 15014 -111 -1013 | 1173
40: 16195 -666 15680 112 -1236 | 1116
41: 17083 1000 15347 1111 -569 | 4313
42: 17083 222 16125 1444 -125 | 5040
43: 16306 888 14125 1777 -1125 | 3755
44: 17527 888 14348 223 -14 | 5157
45: 15639 0 14459 0 -14 | 5782
46: 17638 -444 15680 445 -1125 | 2790
47: 16417 888 14014 1111 -236 | 5119
48: 17750 -666 15569 1000 -14 | 4884
49: 16084 666 15014 445 208 | 3916
50: 15862 444 14459 445 -236 | 4468
51: 17305 777 14014 1111 875 | 1577
52: 16861 -111 15902 1888 319 | 1875
53: 17638 -444 14459 1111 652 | 2842
54: 16195 -888 15569 2000 97 | 4503
55: 17527 -777 14903 556 -1125 | 1390
56: 17083 -1111 14792 1777 -680 | 1617
57: 17527 -666 15680 1777 430 | 3881
58: 16306 -222 15791 223 -569 | 3587
59: 15862 444 14459 556 -680 | 4187
60: 17194 222 14792 778 -902 | 3633
61: 17750 -555 16125 2000 -902 | 1598
62: 16972 222 14348 2000 -1013 | 3788
63: 15639 666 16013 667 208 | 4148
64: 16306 333 14125 112 652 | 1471
65: 15639 -555 15236 334 -902 | 1236
66: 16528 0 14792 667 -125 | 4693
67: 15973 888 14792 112 652 | 3314
68: 16750 444 14125 445 208 | 4094
69: 17305 -444 15125 1444 -680 | 3834
70: 17305 -1111 16125 889 319 | 1430
71: 16528 -1000 15236 1111 -680 | 3561
72: 17305 1000 14903 1444 -569 | 3768
73: 17638 777 15791 556 875 | 1574
74: 17083 666 14570 556 319 | 3649
75: 16861 -888 15347 0 541 | 3078
76: 17527 -222 14903 1666 652 | 3427
77: 15862 -666 16013 556 430 | 3100
78: 17416 333 14681 334 -458 | 1387
79: 16084 444 15902 -111 -1236 | 1107
80: 16528 -555 15902 1444 97 | 1940
81: 16861 -555 15569 1555 763 | 1480
82: 15862 222 16013 1000 -236 | 4399
83: 16528 -666 14570 556 -1013 | 3677
84: 15750 444 15680 2000 -125 | 5672
85: 17305 -666 14570 1222 541 | 3154
86: 16195 222 14237 1444 -569 | 4082
87: 17194 777 14348 778 97 | 2124
88: 17083 -888 14570 1222 -791 | 3152
89: 16306 -1111 14014 1111 763 | 1278
90: 15973 -666 14570 1888 -791 | 3401
91: 17305 -555 14014 1222 -236 | 1830
92: 17416 0 14237 1000 541 | 3406
93: 15639 -666 15569 1666 -791 | 3473
94: 17638 -111 14681 1555 208 | 2230
95: 16750 -1000 15458 1111 208 | 3154
96: 16084 444 15014 889 -791 | 3857
97: 17083 666 14237 445 -1125 | 3860
98: 16861 444 15236 445 -791 | 3763
99: 16417 -444 15014 1333 -1013 | 3656

generation 10
0: 15639 0 14459 0 -14 | 6693
1: 14939 -200 14559 -400 686 | 3088
2: 15839 700 14159 300 -414 | 4357
3: 16539 0 14259 -500 -814 | 802
4: 16039 800 15159 100 686 | 3548
5: 15339 -600 15059 800 586 | 2897
6: 15039 -200 13459 -800 86 | 514
7: 16539 700 14559 0 -614 | 1607
8: 15439 -800 14759 -200 -214 | 986
9: 16539 -300 14459 -300 -614 | 819
10: 15039 -900 13659 -900 -614 | 500
11: 14639 -200 13459 -200 886 | 2564
12: 16339 -600 15359 -100 -314 | 1270
13: 15639 -200 13859 -900 886 | 2882
14: 14639 -800 14759 300 -14 | 3639
15: 15939 200 14359 -700 86 | 695
16: 15939 900 13959 600 -1014 | 3935
17: 14739 -200 13559 -800 -214 | 503
18: 14639 100 14759 100 -1014 | 1321
19: 14639 300 14359 600 -414 | 4358
20: 14639 700 14259 -500 -814 | 894
21: 16439 900 14159 900 386 | 3548
22: 16439 300 14859 -700 -914 | 794
23: 15239 700 14359 -300 886 | 3189
24: 16339 900 14459 -800 -14 | 710
25: 14839 400 13759 100 86 | 3905
26: 15639 -700 13459 0 -914 | 1019
27: 14839 -900 14659 -100 -1014 | 1001
28: 16439 -1000 13959 200 486 | 2875
29: 15239 100 14659 -300 786 | 3306
30: 15739 700 14459 300 886 | 3484
31: 14639 600 14059 600 886 | 3107
32: 16339 800 13759 -100 -214 | 1537
33: 15039 100 14359 -200 286 | 3968
34: 14839 -400 14759 -300 86 | 1423
35: 15439 -400 13659 -900 286 | 987
36: 15839 -600 13659 -800 786 | 2776
37: 16039 500 14859 -1000 86 | 612
38: 15139 -100 13559 -200 786 | 2895
39: 15539 -600 13559 100 186 | 2735
40: 16039 -500 14559 -300 186 | 2784
41: 14839 -200 15259 -600 -114 | 611
42: 15039 600 14759 -400 886 | 3231
43: 14939 -1000 14059 -100 -1014 | 904
44: 16339 500 14359 800 486 | 3680
45: 15339 900 14659 -100 -814 | 1283
46: 16239 500 14159 -300 -714 | 931
47: 14639 -100 14559 0 286 | 3189
48: 15839 400 13659 700 -914 | 4153
49: 15939 300 14759 900 -814 | 3407
50: 16039 -200 14359 500 -414 | 3862
51: 15139 500 15159 700 -614 | 4332
52: 14639 300 14559 900 286 | 4010
53: 16039 900 13659 700 -814 | 4062
54: 15439 -900 15059 0 86 | 2499
55: 15539 500 13859 500 386 | 3716
56: 15239 -900 13659 -200 586 | 2793
57: 14639 300 14559 -100 -814 | 986
58: 15339 -100 14159 900 -114 | 4716
59: 14639 -500 13459 500 486 | 3459
60: 16039 -700 15059 -700 -514 | 686
61: 15339 -600 13459 -700 886 | 2413
62: 15239 -800 13459 -1000 -14 | 307
63: 16339 200 13759 -200 -914 | 924
64: 16339 -200 13759 -600 -314 | 655
65: 15039 700 14659 600 186 | 4385
66: 15339 100 14159 600 386 | 2994
67: 15839 500 15259 -600 886 | 3147
68: 15639 0 13559 0 -814 | 1212
69: 14939 900 14859 800 -1014 | 4075
70: 15339 500 14259 0 86 | 4343
71: 16139 400 13459 900 -714 | 3978
72: 15839 900 14859 100 -314 | 4905
73: 14639 500 13659 800 886 | 3280
74: 15939 -1000 13559 -400 86 | 718
75: 16139 -100 13659 -100 886 | 3081
76: 14839 700 14859 0 886 | 3408
77: 16439 700 14059 800 -114 | 5252
78: 15539 -700 14259 -700 386 | 2098
79: 15339 500 14459 -100 -514 | 1250
80: 14739 500 14059 500 286 | 3950
81: 16339 0 14959 900 186 | 4649
82: 16039 400 13559 -900 586 | 2962
83: 14639 900 14859 -400 686 | 3080
84: 14939 -300 13459 -700 -814 | 635
85: 15339 0 15159 -100 86 | 4025
86: 14939 0 15259 -100 686 | 3230
87: 15039 800 13459 900 -114 | 5248
88: 15839 -500 13759 -500 -414 | 714
89: 14639 700 13959 -400 -614 | 929
90: 16139 -900 13759 500 -614 | 3354
91: 15239 -800 14059 -700 86 | 476
92: 15539 -400 14859 -200 486 | 3093
93: 14939 -600 13959 -700 -714 | 646
94: 16139 -300 13459 800 186 | 3972
95: 15339 800 14459 -600 586 | 3280
96: 15239 100 15159 -100 -314 | 1425
97: 14739 500 13559 900 86 | 4744
98: 15139 -100 15159 100 -114 | 5260
99: 15139 400 14759 0 786 | 3304

generation 11
0: 15639 0 14459 0 -14 | 5778
1: 14730 90 13823 -545 -286 | 709
2: 15729 181 15277 363 440 | 1529
3: 15911 -363 13550 -90 -104 | 1409
4: 15549 -545 13823 545 -923 | 1061
5: 16457 181 15277 363 167 | 2113
6: 15367 -909 14913 636 -832 | 1252
7: 15639 636 13914 -454 258 | 3858
8: 15729 545 14005 90 -741 | 1274
9: 14730 545 14369 181 622 | 1595
10: 16366 -727 13732 272 -14 | 1843
11: 16002 -545 13732 272 713 | 1293
12: 16002 -818 14549 -818 -14 | 391
13: 15820 -545 15277 545 -104 | 1877
14: 15820 -181 15186 636 76 | 2090
15: 14730 0 15277 -90 -741 | 1174
16: 16275 -909 15004 90 -468 | 1229
17: 15276 -454 13732 -181 -14 | 913
18: 15820 454 13823 -636 531 | 3328
19: 15911 454 14640 181 -559 | 4113
20: 14912 545 13914 -909 349 | 1046
21: 15367 181 15004 -363 349 | 1404
22: 16366 454 14822 -272 -377 | 992
23: 15729 272 14549 272 349 | 3514
24: 14912 -363 14369 -454 -832 | 1102
25: 16275 90 15095 0 440 | 3655
26: 15911 -545 14640 636 531 | 1415
27: 15276 -545 14278 -727 -741 | 972
28: 14912 181 15186 -181 76 | 1720
29: 15094 -909 14005 -181 -468 | 1070
30: 16457 0 13823 -909 -286 | 562
31: 15185 636 15186 363 804 | 3192
32: 16002 -272 13823 -363 531 | 3054
33: 16457 -545 14640 -909 713 | 1136
34: 16002 -727 13732 -545 -650 | 1070
35: 16002 -90 14913 818 622 | 3094
36: 14730 0 15277 -545 -14 | 670
37: 15276 -90 15277 636 440 | 3719
38: 16457 -636 13732 -727 -104 | 464
39: 15639 363 14005 -727 -377 | 1038
40: 16093 -181 13550 636 258 | 1792
41: 15003 -636 13732 727 349 | 3193
42: 15729 90 13914 0 -286 | 2004
43: 15276 -181 14278 -363 -468 | 1197
44: 15003 -454 13550 636 804 | 3157
45: 14821 -272 14005 -363 -104 | 869
46: 15729 -818 14369 181 76 | 2982
47: 14912 -272 14822 545 -377 | 3665
48: 15549 -272 14369 -454 -104 | 703
49: 16184 181 15186 -545 713 | 1400
50: 16093 818 14913 545 531 | 3484
51: 16002 636 13823 181 531 | 3734
52: 15094 454 14369 272 -286 | 4887
53: 14730 545 14913 -272 167 | 1405
54: 15911 -181 14640 363 258 | 1853
55: 14821 0 14005 90 -377 | 2968
56: 16093 818 14005 0 -286 | 2029
57: 14821 636 15004 545 -832 | 4414
58: 15820 -909 15004 363 -468 | 1041
59: 16184 -363 13641 -636 258 | 993
60: 15276 545 13641 0 -741 | 1250
61: 15367 90 14640 -545 440 | 3204
62: 15639 -909 14096 454 -741 | 1220
63: 15911 -181 14549 -90 -559 | 1124
64: 15820 363 15004 -90 -195 | 1421
65: 14821 636 14822 454 -923 | 3403
66: 14730 272 14278 272 -650 | 3840
67: 15639 -909 14096 -727 -468 | 935
68: 14821 -545 15095 -272 804 | 1342
69: 15729 181 15277 -636 -741 | 1095
70: 16093 -272 15004 -636 -195 | 623
71: 16184 -545 14005 0 76 | 1515
72: 15185 0 13914 272 -559 | 3779
73: 15367 -636 15004 363 622 | 3282
74: 14821 -272 13641 0 440 | 3173
75: 15820 -727 14187 -636 622 | 1271
76: 14821 727 13914 -90 -832 | 1354
77: 15911 -454 15186 0 -195 | 2293
78: 15549 545 14459 -363 -832 | 1245
79: 16002 -454 15095 -636 804 | 2695
80: 16002 -545 14187 -181 -286 | 1099
81: 16002 181 14369 272 531 | 1392
82: 16366 -272 14822 -727 531 | 3001
83: 15458 -272 14822 -363 -14 | 815
84: 16002 -272 14096 -545 -468 | 719
85: 16457 90 14549 545 349 | 3528
86: 15639 90 14459 -90 76 | 4368
87: 16275 454 13823 727 -832 | 4102
88: 16457 545 14278 -363 76 | 1344
89: 16184 -363 14459 -727 167 | 1067
90: 14730 545 14549 727 258 | 1866
91: 16275 727 13914 -181 349 | 1785
92: 16366 0 15095 -181 167 | 3634
93: 14730 -363 15277 -545 531 | 1348
94: 14730 454 14731 -909 258 | 1128
95: 16184 -90 15277 -363 76 | 1148
96: 15003 818 13550 454 622 | 3823
97: 15911 -545 14913 636 -559 | 1385
98: 14912 -272 14096 90 440 | 3267
99: 16366 181 14731 727 -195 | 1886

generation 12
0: 15639 0 14459 0 -14 | 6085
1: 15139 666 13626 166 569 | 2977
2: 15722 750 14959 500 -264 | 4291
3: 15473 -166 14625 -166 -764 | 1101
4: 15056 500 14459 -166 402 | 3433
5: 16139 83 14792 333 402 | 1500
6: 15223 -666 13626 -583 -514 | 717
7: 15473 -250 14792 -833 152 | 706
8: 15722 83 14542 -833 -847 | 1168
9: 15639 -166 13626 416 486 | 3294
10: 14973 666 13959 166 -347 | 4590
11: 16389 -166 14376 -333 319 | 3304
12: 15139 -583 15042 583 -347 | 1578
13: 14889 583 14126 500 569 | 1553
14: 16305 750 13626 -750 736 | 2990
15: 15805 -583 14209 250 652 | 1366
16: 16055 -250 15042 750 736 | 3307
17: 16055 750 13626 583 -430 | 4223
18: 15972 250 13626 83 -14 | 5065
19: 16389 -416 14209 -416 236 | 2255
20: 16139 416 14625 583 -180 | 4693
21: 15139 -83 14542 83 319 | 1417
22: 15639 750 13709 750 652 | 3445
23: 15889 -333 14376 250 -597 | 1296
24: 15306 750 15042 -250 69 | 1866
25: 16389 -333 14293 -250 -597 | 1060
26: 14889 -583 14459 -416 152 | 1046
27: 16305 -83 14792 -750 236 | 1105
28: 15473 83 14625 -666 -680 | 1045
29: 14973 416 14376 166 -847 | 2022
30: 15139 0 15209 -750 569 | 3107
31: 15639 250 14875 0 -847 | 1252
32: 16305 83 14875 -166 -97 | 1389
33: 15473 666 15125 333 -847 | 3873
34: 15722 333 14542 416 486 | 1738
35: 15306 0 13876 416 -680 | 3779
36: 15056 750 14625 -583 236 | 1874
37: 14973 -416 14126 583 486 | 3316
38: 16305 -166 15209 250 -180 | 4299
39: 15473 250 14209 -250 736 | 3092
40: 15389 0 14792 0 652 | 3207
41: 15639 500 14293 -333 -597 | 894
42: 14973 -83 14875 -333 -514 | 1049
43: 15473 -166 14459 -333 652 | 3317
44: 16305 -500 15125 583 -97 | 4084
45: 15306 -333 14875 250 -430 | 1170
46: 15972 -833 14209 -833 -597 | 980
47: 15223 -583 15209 -416 -97 | 1038
48: 15056 -250 15125 0 319 | 3375
49: 16055 666 14792 -416 486 | 3527
50: 15139 -583 14625 -666 152 | 1024
51: 15889 -750 15125 -166 319 | 3050
52: 16055 416 14209 -583 402 | 4221
53: 15639 -833 15125 -83 -347 | 1132
54: 15389 -500 14709 666 319 | 3234
55: 16389 250 13959 -333 -14 | 943
56: 15805 0 14043 500 -430 | 4018
57: 16222 0 14126 -166 -14 | 1271
58: 15805 416 14043 750 652 | 3334
59: 15889 -83 15209 83 69 | 2027
60: 15223 83 14209 0 -764 | 1299
61: 15972 -666 14126 0 -180 | 2035
62: 16139 416 14459 250 69 | 4134
63: 15389 0 13709 -416 -14 | 775
64: 15805 666 14126 -83 -97 | 1683
65: 16139 -666 14542 416 -347 | 3223
66: 15972 166 15042 -750 402 | 2495
67: 15639 -250 15042 500 -14 | 5670
68: 15223 -500 14043 -250 569 | 3016
69: 16139 416 15209 0 -847 | 1207
70: 15639 -666 15125 -166 69 | 1973
71: 14806 -500 14126 83 152 | 3245
72: 15805 -416 14959 -750 652 | 2897
73: 15722 83 14126 -833 -264 | 1127
74: 16139 583 14542 250 -430 | 1268
75: 14806 -83 13626 750 69 | 2208
76: 15805 -750 14709 -583 -764 | 690
77: 16222 -583 14126 416 319 | 1610
78: 15639 -250 15209 -333 -180 | 904
79: 16222 0 15209 416 -14 | 5028
80: 16305 -583 14293 -750 486 | 1038
81: 15223 -750 15125 -416 -847 | 791
82: 15556 -83 14792 416 152 | 1913
83: 16055 -500 14875 250 736 | 2325
84: 15556 -583 14126 -833 -680 | 1109
85: 15306 0 13959 583 -430 | 3924
86: 15972 416 13709 333 486 | 2850
87: 16222 750 14376 -250 486 | 3007
88: 14889 583 14126 416 -514 | 1382
89: 15639 83 14293 -333 486 | 1268
90: 16389 -250 13626 583 -847 | 3510
91: 15972 -583 14459 666 -847 | 1080
92: 15389 -500 14209 -166 736 | 3123
93: 15056 666 14459 166 -430 | 4065
94: 16389 250 14792 -416 -764 | 807
95: 15639 -250 13959 0 236 | 2837
96: 14806 -83 14709 166 -347 | 1136
97: 15223 -333 13709 416 486 | 1533
98: 14889 333 13709 -166 402 | 1496
99: 15805 -583 14043 -666 402 | 1162

generation 13
0: 15639 0 14459 0 -14 | 6013
1: 15946 230 14152 692 524 | 3232
2: 16023 -692 14306 -384 293 | 2410
3: 14870 384 13998 -76 447 | 3319
4: 15255 0 14535 -230 62 | 1689
5: 15486 -230 14997 0 -14 | 6970
6: 15946 -384 14229 461 62 | 4215
7: 16331 -615 14920 -384 -629 | 1029
8: 15946 -692 13921 307 601 | 3059
9: 16254 384 14075 307 447 | 3312
10: 15869 76 15074 -461 -14 | 775
11: 15639 -461 14997 692 -244 | 1741
12: 15409 -307 14612 -307 293 | 1135
13: 16023 -307 14920 153 62 | 2030
14: 16254 615 13998 307 139 | 1860
15: 16023 -461 15151 -769 601 | 1127
16: 15486 307 14383 -307 -14 | 1271
17: 15715 -153 14843 -153 -167 | 1276
18: 15024 -230 14152 -307 293 | 3290
19: 14870 -692 14612 461 -398 | 3420
20: 16023 -230 13921 -769 -706 | 698
21: 15486 -230 14075 -230 678 | 2961
22: 16023 384 14689 461 293 | 3417
23: 16100 -230 13844 -538 370 | 2661
24: 15024 538 14766 -153 -552 | 1174
25: 14870 -769 14920 153 -90 | 1759
26: 15024 -153 14920 538 -783 | 1182
27: 15563 -384 15151 307 216 | 3359
28: 16254 -692 13690 -461 524 | 2356
29: 15946 -769 13998 538 -552 | 1346
30: 15715 692 13690 -384 -783 | 924
31: 16023 -307 14612 -538 -14 | 1118
32: 14947 538 14459 -76 370 | 3052
33: 15639 615 13690 -76 -475 | 1254
34: 15255 -769 14075 615 -475 | 1346
35: 15946 153 13998 0 -706 | 1302
36: 16331 -692 14689 76 678 | 2844
37: 15255 -307 14075 538 -90 | 1952
38: 15409 76 15151 615 139 | 4221
39: 15946 -769 14535 -307 -629 | 1021
40: 15409 153 13844 -384 -14 | 1312
41: 15332 692 14766 -615 -14 | 792
42: 16100 230 13921 -692 -475 | 756
43: 15024 -307 13844 692 370 | 1722
44: 15715 -230 14152 0 -398 | 1483
45: 15715 461 14075 307 -552 | 1172
46: 15409 -692 14843 -692 601 | 2595
47: 16177 -230 15074 76 -706 | 1543
48: 14870 692 14766 -538 -783 | 832
49: 16254 615 14152 -769 524 | 1184
50: 15946 -461 14920 -769 -321 | 1021
51: 14947 -538 14843 692 524 | 3168
52: 16254 615 15151 -384 -783 | 1165
53: 15563 307 15151 -230 -398 | 1169
54: 14947 692 14997 -230 370 | 3685
55: 16177 615 14689 461 -14 | 2462
56: 15024 0 14152 692 -629 | 4070
57: 15255 153 14152 -769 62 | 977
58: 15101 0 14459 307 -244 | 3586
59: 15024 -461 13767 -692 -552 | 1013
60: 16254 307 14843 384 -629 | 1364
61: 15639 -384 14612 384 -706 | 3797
62: 15024 538 13921 -692 447 | 3189
63: 15255 -307 14383 -538 601 | 1331
64: 15792 692 13690 307 216 | 3704
65: 15409 461 14383 -153 -14 | 1536
66: 15255 615 13998 -769 -321 | 975
67: 16254 0 14535 0 524 | 3378
68: 15178 -384 14766 -230 601 | 2920
69: 15101 -461 14920 -461 -783 | 1112
70: 15946 -153 15151 307 -552 | 1175
71: 15178 230 15151 307 216 | 4124
72: 15563 692 14535 -307 678 | 2963
73: 16177 -461 13767 -769 -244 | 975
74: 16254 -461 13998 -461 -552 | 1027
75: 15024 692 13690 615 -552 | 4382
76: 14870 -461 13998 692 -14 | 2509
77: 15409 -538 13921 615 -90 | 4412
78: 16100 -153 14306 -230 293 | 1542
79: 16331 538 14459 -769 524 | 3204
80: 15563 0 13844 230 -244 | 4512
81: 16177 -230 14152 538 524 | 3663
82: 15024 538 13767 -307 -167 | 933
83: 15715 -384 14612 -307 -552 | 846
84: 14947 -615 14535 -615 -629 | 994
85: 16177 -692 15151 -769 293 | 1245
86: 16100 -76 14920 0 370 | 2977
87: 15101 -769 13844 -615 524 | 1187
88: 14870 461 14229 230 293 | 1526
89: 16023 538 15151 -230 -552 | 1078
90: 15024 -692 14152 -307 370 | 2933
91: 14870 384 14920 692 370 | 3925
92: 15024 -230 14997 76 -14 | 4761
93: 15792 -307 14459 -307 -167 | 1206
94: 16331 -307 14920 -307 139 | 1359
95: 15639 -615 14383 -692 -706 | 1040
96: 15792 -461 13844 0 -629 | 1231
97: 16177 0 14997 -307 -706 | 893
98: 15255 -769 14383 -615 62 | 844
99: 15715 -307 14459 -692 139 | 1107

generation 14
0: 15486 -230 14997 0 -14 | 5983
1: 15058 412 14997 428 -442 | 4327
2: 16057 -515 14497 -642 628 | 1239
3: 15058 -801 15568 -142 343 | 1259
4: 15201 -230 14426 -357 -299 | 815
5: 15843 198 15639 -71 -156 | 1728
6: 15486 -88 15568 -142 414 | 3211
7: 14915 -88 14783 142 -85 | 4379
8: 14986 -730 14783 -285 414 | 2891
9: 15201 -230 15639 500 -14 | 5168
10: 15201 127 14283 -142 -728 | 1226
11: 16057 127 14855 571 486 | 1639
12: 15415 -944 14926 -214 -85 | 794
13: 15986 -872 15211 500 271 | 3176
14: 15771 -944 14926 -571 -228 | 522
15: 15129 -944 14926 428 486 | 2695
16: 14772 55 14569 -714 343 | 1105
17: 15986 -159 14997 -357 -656 | 1209
18: 15272 -515 14355 -71 -371 | 1237
19: 14915 341 14783 428 -228 | 2044
20: 15700 -230 14855 -571 128 | 931
21: 15272 412 15211 428 414 | 3330
22: 14915 198 14997 -214 -85 | 1114
23: 15986 -658 14283 -142 -656 | 972
24: 14844 -444 14855 285 -156 | 3509
25: 15700 270 14783 142 -371 | 4040
26: 15771 -587 15354 285 -228 | 1572
27: 14772 -872 14783 -357 -14 | 585
28: 15843 -444 14712 500 -299 | 4279
29: 15272 127 14426 642 -514 | 1717
30: 15914 -88 14426 428 628 | 3000
31: 15557 -872 14855 571 271 | 2783
32: 15700 -658 15639 -714 628 | 2386
33: 16128 -944 15139 -285 486 | 2524
34: 14915 -16 14640 -642 -14 | 615
35: 14986 -944 15497 571 -728 | 3582
36: 15628 55 15139 357 -14 | 2532
37: 14986 -515 15068 71 414 | 1554
38: 15129 -658 15139 -357 -371 | 744
39: 15557 198 15497 428 -585 | 4058
40: 15843 341 14783 142 628 | 1628
41: 15986 127 15139 357 200 | 1970
42: 15628 -444 15639 428 271 | 2931
43: 15415 -944 15139 -642 57 | 504
44: 15344 341 15425 -642 343 | 979
45: 15700 -658 15068 0 -728 | 1156
46: 15129 270 15068 142 -85 | 5034
47: 14915 -801 15497 285 -85 | 1859
48: 14915 -515 14855 -571 343 | 1014
49: 14986 -730 15354 357 -442 | 3303
50: 16057 198 15354 -285 -85 | 893
51: 15486 412 14640 285 -585 | 3950
52: 15201 412 15068 500 -442 | 3986
53: 14844 412 14712 0 -299 | 2226
54: 15272 -88 15139 357 -299 | 3552
55: 15272 -230 14997 285 557 | 3304
56: 15201 -16 14712 214 628 | 2906
57: 15843 -658 15068 -714 557 | 2687
58: 15129 341 14926 428 -228 | 2066
59: 15700 270 15639 71 628 | 3274
60: 15129 341 14569 500 -299 | 1924
61: 15486 270 15425 142 -514 | 4037
62: 15201 -159 15425 142 -442 | 1462
63: 15344 412 14283 71 128 | 4278
64: 15486 198 14426 -714 128 | 758
65: 15486 -16 14426 -71 486 | 3405
66: 14844 55 15354 500 -514 | 1366
67: 14844 -944 15139 0 128 | 2853
68: 15914 -372 15354 -428 -656 | 789
69: 14772 -658 15139 142 343 | 2935
70: 15914 -730 15068 642 343 | 3412
71: 15914 -301 14283 0 -14 | 2493
72: 15986 -159 14569 214 -656 | 1291
73: 16128 -515 14355 142 414 | 1452
74: 15129 -944 14640 -642 -442 | 523
75: 16057 -16 14355 -571 -371 | 740
76: 15914 412 14283 -714 557 | 3382
77: 15843 -372 15639 428 557 | 3545
78: 15415 -16 14355 -357 557 | 3108
79: 14915 198 14640 -500 -156 | 693
80: 15700 -301 14283 0 -585 | 1046
81: 15129 -944 14783 571 -514 | 3772
82: 15628 55 15282 -357 -299 | 1108
83: 15058 -944 15282 -500 -156 | 540
84: 15628 -658 15282 285 -656 | 3680
85: 15628 198 15497 500 128 | 4054
86: 16057 -730 15211 571 200 | 3710
87: 15843 127 15282 -571 200 | 1246
88: 15415 -515 14855 -500 57 | 1061
89: 15201 412 14569 -642 271 | 1863
90: 15058 -16 15568 571 -228 | 4268
91: 15557 -159 15425 -142 -728 | 1058
92: 15344 -515 14497 -642 -371 | 977
93: 15986 198 14283 -500 -14 | 774
94: 15201 -88 14855 -285 -228 | 869
95: 15628 -88 14712 -142 200 | 3429
96: 14772 -88 15639 0 57 | 4191
97: 15201 -872 15282 285 -656 | 2788
98: 15771 -801 14855 571 -514 | 1368
99: 15129 -444 15068 500 -14 | 5447

generation 15
0: 15486 -230 14997 0 -14 | 7260
1: 15286 -230 14531 -66 -547 | 1246
2: 15686 -630 15597 133 252 | 3200
3: 15486 -630 15197 -266 319 | 2877
4: 15752 36 15330 266 -280 | 4494
5: 16019 -830 14531 -200 -80 | 864
6: 15286 -496 14731 200 -214 | 3769
7: 15086 -896 14931 600 -614 | 3454
8: 15552 -630 14731 -533 452 | 2547
9: 14820 -630 14397 200 -480 | 3485
10: 15420 -896 15463 -400 252 | 2203
11: 15886 103 14797 66 252 | 1617
12: 15886 370 14331 266 119 | 3777
13: 16086 -230 14597 -666 -14 | 517
14: 15952 -164 15263 -466 -347 | 748
15: 15552 103 14397 -333 -614 | 1343
16: 15086 36 15197 -533 -14 | 718
17: 15286 303 14664 -200 -614 | 1213
18: 16086 103 14331 66 -14 | 2859
19: 15086 -230 14331 -133 -547 | 1084
20: 14953 -496 15197 466 -614 | 3582
21: 15486 -896 14931 133 452 | 3117
22: 14953 -363 14531 333 -547 | 1203
23: 15220 -763 15130 66 -614 | 1153
24: 15752 -696 15463 266 -280 | 3326
25: 15286 370 14931 600 586 | 3582
26: 15552 -763 15463 466 52 | 1647
27: 15552 -430 14531 -666 52 | 531
28: 14886 36 14331 400 -80 | 5267
29: 14953 -763 14531 333 -280 | 1479
30: 15153 -296 14397 -533 319 | 2090
31: 15286 -830 14731 400 -680 | 2926
32: 16019 -363 14464 333 -347 | 1575
33: 15153 303 15130 -66 -14 | 1658
34: 15886 -763 14597 400 -14 | 2277
35: 15686 -230 15197 466 -347 | 4000
36: 15552 36 14731 133 386 | 3314
37: 14953 370 14931 -133 386 | 3259
38: 15420 -496 14597 -400 252 | 2906
39: 15420 -296 14597 200 -14 | 4946
40: 15819 -296 14597 600 452 | 3338
41: 15819 -563 14864 -133 252 | 1369
42: 15686 -164 14864 -666 -480 | 620
43: 15886 36 15263 -333 252 | 3006
44: 15486 36 14397 -266 -14 | 972
45: 15286 -430 15130 66 -614 | 1505
46: 14953 -496 14464 -200 519 | 3276
47: 14820 -763 15330 -666 -547 | 972
48: 15420 -30 15197 -66 -347 | 1578
49: 15353 -563 15063 -533 -14 | 1005
50: 15220 -563 15397 600 52 | 2188
51: 15286 -496 15597 600 452 | 3329
52: 15619 -30 15397 -266 119 | 2650
53: 15220 303 15263 -600 519 | 1490
54: 15353 -763 14597 200 52 | 1658
55: 14886 -30 14864 200 386 | 3204
56: 16019 370 15197 -266 519 | 3356
57: 15086 -30 15397 333 -414 | 3729
58: 15686 370 15530 -600 -280 | 766
59: 14953 -430 15397 466 -680 | 3639
60: 15819 236 15263 66 -480 | 2402
61: 15952 -97 15397 -333 -347 | 1151
62: 15619 103 15397 -333 -547 | 1228
63: 15220 -763 14797 -533 -80 | 1014
64: 15619 -363 14931 -533 -80 | 1163
65: 15286 -630 14931 -466 186 | 1560
66: 14886 -230 14531 400 -614 | 3706
67: 15220 -30 14731 -533 586 | 3106
68: 15020 -430 15263 133 -414 | 3103
69: 15353 303 14731 400 186 | 1863
70: 15886 -896 14397 466 252 | 2893
71: 14953 -630 15530 66 586 | 2749
72: 15086 -563 14464 600 -614 | 1189
73: 15819 -563 15263 -600 -214 | 1036
74: 15153 236 14731 133 -80 | 4917
75: 15552 -896 14797 -66 386 | 2750
76: 14820 236 14864 200 252 | 3256
77: 14953 170 14997 200 586 | 3323
78: 14953 236 14597 -400 386 | 3340
79: 15952 -164 15197 -400 186 | 2620
80: 15619 -296 14997 600 186 | 3799
81: 15552 -230 15263 533 52 | 5086
82: 14953 -164 14931 -466 386 | 2820
83: 15819 -563 14597 533 519 | 1396
84: 15086 -896 14797 -666 386 | 2221
85: 15819 -230 15597 -133 252 | 2854
86: 15086 -830 15330 266 -680 | 2894
87: 14886 236 14464 333 386 | 3795
88: 15686 -296 15597 266 119 | 4072
89: 15286 -230 14997 133 -680 | 2141
90: 15353 -363 15130 400 -680 | 1294
91: 14820 -164 14997 600 119 | 4297
92: 15886 -630 15197 133 -14 | 3631
93: 15153 -30 14864 -200 -680 | 976
94: 15886 -896 14397 333 -214 | 3530
95: 15220 -763 14931 400 -280 | 1590
96: 15420 -630 15263 -600 119 | 780
97: 15819 -830 15397 -333 -680 | 865
98: 15353 -763 15397 -600 -280 | 1017
99: 15286 -496 15063 333 186 | 3129

generation 16
0: 15486 -230 14997 0 -14 | 7228
1: 15111 -667 15372 -437 173 | 1196
2: 15861 270 14935 0 -264 | 2239
3: 15673 82 15059 125 -514 | 3220
4: 14861 -542 15434 -437 -639 | 881
5: 15049 332 15059 -62 486 | 3230
6: 15611 -792 15497 562 48 | 4325
7: 15174 82 14747 187 548 | 3520
8: 16048 -292 14935 -625 48 | 591
9: 15861 20 14747 -187 -264 | 1039
10: 14861 -855 14560 0 298 | 1361
11: 15049 -43 14747 -250 236 | 1559
12: 15111 270 15372 250 423 | 2976
13: 16048 332 14685 -312 111 | 1898
14: 15861 -605 15184 -312 -389 | 1106
15: 15174 -792 14997 -437 -576 | 748
16: 15424 145 15184 125 -264 | 1406
17: 15361 -355 15559 250 236 | 1399
18: 15236 -230 14685 250 -389 | 3767
19: 15736 -43 15309 562 -14 | 2200
20: 16048 82 14747 125 -576 | 2211
21: 15486 -292 15247 187 173 | 3846
22: 15299 20 14935 -625 486 | 2832
23: 15798 -355 14747 -250 236 | 1509
24: 15673 -605 15372 0 486 | 1183
25: 15611 -605 14560 -187 361 | 1417
26: 15673 -480 15059 562 48 | 4483
27: 15111 -730 14372 62 -201 | 3126
28: 15174 270 14435 -250 548 | 3550
29: 15548 -43 15559 500 111 | 1906
30: 15236 -667 15372 -500 173 | 1062
31: 15299 -417 15434 0 -264 | 1312
32: 15673 145 14685 437 298 | 1779
33: 15861 -43 14935 -125 -389 | 1137
34: 15861 20 15309 -62 111 | 3924
35: 15236 -792 14747 -312 48 | 831
36: 15486 -168 15247 -250 -264 | 942
37: 15299 -542 15184 375 -139 | 4075
38: 16048 -230 14622 -375 548 | 3114
39: 15548 -105 15122 -562 -576 | 1105
40: 15424 -292 14810 -375 48 | 887
41: 16048 -230 14622 437 -201 | 4155
42: 15798 332 15059 -62 486 | 3243
43: 15424 -355 14560 250 -389 | 1271
44: 15548 -542 14747 312 -514 | 3615
45: 15174 332 15247 0 111 | 4568
46: 15299 -168 14435 250 -201 | 4825
47: 15111 -480 14935 -125 298 | 2920
48: 15861 82 15309 562 -389 | 4297
49: 15673 -355 14622 375 236 | 1633
50: 15424 -855 14372 -187 -201 | 1098
51: 14986 -542 14747 375 298 | 3635
52: 15986 145 14747 125 -14 | 2408
53: 15673 -355 14872 250 423 | 1578
54: 15861 -230 15122 62 -514 | 1856
55: 15424 145 14497 187 -389 | 1435
56: 15923 20 14622 437 -514 | 3657
57: 15611 332 14810 0 -201 | 2680
58: 15736 -792 14560 125 173 | 2989
59: 15236 207 14435 -250 48 | 1534
60: 15486 -730 15184 312 173 | 3025
61: 15798 -605 14935 0 -76 | 1406
62: 15736 -417 15372 0 361 | 1386
63: 15486 20 15309 437 -326 | 4520
64: 15736 -667 14747 0 -201 | 1044
65: 15548 145 14622 -375 -514 | 1125
66: 15299 82 15434 -625 -514 | 742
67: 15486 -355 15497 125 486 | 1690
68: 15299 270 14685 -437 -139 | 765
69: 14924 -542 14560 -125 236 | 3063
70: 14861 20 15434 -250 -389 | 1054
71: 15111 -292 15122 -625 173 | 1056
72: 15299 332 14372 -375 -639 | 819
73: 14986 -480 14372 -625 486 | 2591
74: 15486 -855 14872 -187 298 | 1268
75: 15424 -855 14435 -375 -139 | 943
76: 15798 -605 15247 -312 -514 | 1100
77: 15548 -792 15059 -437 236 | 2141
78: 15861 -730 15184 437 -264 | 4030
79: 15174 -168 14685 -312 -389 | 950
80: 15798 82 15372 -375 -514 | 902
81: 15548 -43 14497 -375 423 | 1236
82: 14986 -105 15184 -62 423 | 1639
83: 15798 -855 15497 -250 298 | 1295
84: 15611 -730 15497 500 48 | 3940
85: 15861 -667 15309 187 -76 | 1859
86: 15548 -292 15372 -187 -326 | 1049
87: 15548 -230 14997 -312 298 | 3115
88: 15299 -855 14810 125 -76 | 1720
89: 15861 -417 14435 -250 -326 | 1048
90: 15861 -168 15559 -250 -76 | 953
91: 15548 82 15122 500 -139 | 4538
92: 15673 -292 14935 -500 361 | 3133
93: 15736 -542 15497 -375 -14 | 624
94: 15673 -667 14997 125 298 | 1546
95: 15548 -855 14497 125 -201 | 1341
96: 16048 -792 14997 562 548 | 3427
97: 15548 -730 15247 -437 -639 | 788
98: 15798 -292 14435 -375 -451 | 796
99: 15923 332 14872 312 298 | 3601

generation 17
0: 15486 -230 14997 0 -14 | 6813
1: 15369 -465 14703 529 -190 | 1928
2: 15251 240 15173 -588 162 | 1185
3: 14898 -54 14645 352 -543 | 3869
4: 15603 -582 15467 411 338 | 3334
5: 15838 -700 15408 -235 44 | 1115
6: 15897 -582 15291 -58 103 | 3019
7: 15134 -288 14997 -529 -131 | 607
8: 15897 -406 15526 -411 -131 | 689
9: 15134 -641 14468 -529 515 | 1323
10: 15721 -54 14645 -352 -484 | 836
11: 15603 -759 14645 -529 515 | 1178
12: 15310 240 14645 -411 -602 | 850
13: 15369 299 14939 470 -602 | 1367
14: 15486 -406 14821 -58 -14 | 1947
15: 15780 -54 14703 352 221 | 3648
16: 15192 -230 15526 -529 -190 | 683
17: 14957 -54 14880 -294 221 | 3738
18: 15310 -54 14703 -411 -131 | 742
19: 15192 -172 14821 235 -543 | 3865
20: 15310 -582 14939 -235 -308 | 888
21: 15544 -700 15526 411 -14 | 4456
22: 15192 5 15173 -294 280 | 1474
23: 14898 -465 14409 -588 -366 | 981
24: 15251 299 14939 58 -425 | 1520
25: 15897 -347 14762 352 -425 | 1313
26: 15369 64 15526 -58 -543 | 1342
27: 15897 -818 15291 352 397 | 3079
28: 15956 -54 14586 58 -14 | 4863
29: 15956 -641 15408 0 280 | 1365
30: 15662 181 15232 -470 -602 | 1155
31: 15897 -172 14939 -352 515 | 2993
32: 15134 -582 15232 294 162 | 2968
33: 15310 -113 15173 -411 -602 | 1183
34: 15075 -759 15232 -235 -366 | 1077
35: 15134 181 14821 176 515 | 1571
36: 15016 -465 15349 -117 -602 | 1114
37: 15428 240 15055 470 221 | 4292
38: 15486 5 15467 352 -72 | 2323
39: 15544 -582 14527 352 -190 | 3571
40: 15016 -172 14409 -117 -14 | 1338
41: 15134 -54 14821 -411 456 | 3243
42: 15956 181 14703 294 397 | 1441
43: 15192 122 15291 -58 -249 | 1839
44: 15428 -172 14409 -176 -131 | 1083
45: 14957 -230 15114 -411 515 | 3354
46: 15544 240 14997 -411 -249 | 856
47: 14898 299 15055 529 221 | 2004
48: 15486 240 14586 -176 -308 | 1203
49: 14898 -582 14468 352 162 | 3656
50: 16015 -524 14703 529 -308 | 3514
51: 15662 -113 14821 411 338 | 1630
52: 15251 -818 14762 411 280 | 3154
53: 15603 -288 15232 352 -72 | 4988
54: 15369 240 15526 -411 -308 | 974
55: 15134 -641 14468 411 44 | 1691
56: 15780 122 15408 -588 -190 | 783
57: 15721 -524 15526 -529 221 | 1651
58: 15310 -347 14762 176 397 | 1515
59: 14957 240 14762 -176 -249 | 1200
60: 15310 -406 14645 -235 -14 | 895
61: 14957 -700 14703 -470 515 | 2544
62: 15897 -288 14821 -235 -543 | 937
63: 15251 -818 15467 470 162 | 3361
64: 15134 181 15173 0 -425 | 1306
65: 15486 -641 15173 411 -484 | 1353
66: 16015 -582 14939 294 44 | 3668
67: 15544 -347 15173 411 -484 | 1341
68: 15192 -465 15114 -352 103 | 1119
69: 15192 -172 14645 -352 -543 | 861
70: 15897 -347 15467 58 44 | 1988
71: 14957 -54 14762 235 -14 | 5768
72: 14957 -54 14821 0 -602 | 1372
73: 15486 5 14880 294 -425 | 1241
74: 15075 -113 14939 294 397 | 1629
75: 15662 -113 14880 411 338 | 1705
76: 14957 -465 15408 529 -72 | 2052
77: 14898 -759 14586 470 -190 | 1663
78: 15192 299 14468 117 -484 | 1353
79: 15662 -700 14880 235 -14 | 3622
80: 15544 181 14527 117 -366 | 1351
81: 16015 -524 15349 529 221 | 3354
82: 15192 -818 14409 235 -602 | 3115
83: 15486 -465 15173 -294 -366 | 1304
84: 14898 -230 15349 176 280 | 3181
85: 15956 -406 14939 -235 -543 | 933
86: 16015 -288 14997 -470 -543 | 768
87: 15721 -54 15467 0 -308 | 1911
88: 15603 -406 14703 -352 -543 | 829
89: 15897 -465 15526 0 44 | 1922
90: 15134 -641 15232 117 338 | 1478
91: 15428 -700 15291 0 -602 | 1271
92: 15838 -230 14939 -235 -366 | 998
93: 15016 -113 14939 117 -425 | 1383
94: 15721 -582 14527 -588 -602 | 697
95: 15838 -288 14821 294 -602 | 3445
96: 15486 -172 15291 -352 -425 | 917
97: 15544 -524 14703 -176 338 | 2990
98: 15192 64 15467 -235 221 | 3420
99: 15721 -347 14762 -411 -602 | 1151

generation 18
0: 15486 -230 14997 0 -14 | 7122
1: 15153 214 15052 388 -236 | 4267
2: 15431 -730 15052 -55 152 | 2821
3: 15375 158 15330 -388 -291 | 814
4: 15819 -785 14997 -444 208 | 1123
5: 15541 -618 14609 388 41 | 4749
6: 15264 158 14497 -277 208 | 3848
7: 15153 -674 15163 333 486 | 3443
8: 15986 -507 15108 -388 208 | 1148
9: 15874 -618 14609 -277 486 | 2394
10: 14986 -674 15497 55 319 | 2967
11: 15209 -674 15497 -500 41 | 604
12: 15486 -396 14497 -388 -291 | 765
13: 15763 -341 14831 -555 319 | 1151
14: 15930 -119 14497 0 -180 | 1387
15: 15320 -396 14997 0 97 | 3696
16: 14986 -175 14775 166 208 | 1760
17: 15098 -230 14942 -444 41 | 726
18: 14931 -507 15052 -500 -569 | 1220
19: 15375 -285 14886 277 -69 | 1829
20: 15153 -64 15163 388 263 | 3204
21: 14931 103 14553 55 -180 | 1467
22: 15264 -119 14997 166 374 | 1584
23: 15209 103 14886 -222 -14 | 1427
24: 15541 -452 14831 -444 -569 | 783
25: 15375 -674 14497 -111 -69 | 1179
26: 15042 -507 14553 333 -458 | 1213
27: 15431 103 15497 55 486 | 1489
28: 15930 -230 14664 -555 -402 | 734
29: 14986 158 15052 -55 -402 | 1579
30: 15652 -730 14997 166 263 | 3024
31: 15042 -730 15441 -388 -514 | 769
32: 15320 -507 14775 -444 152 | 1094
33: 14986 -175 14997 111 263 | 1521
34: 15431 -674 14720 166 -458 | 2670
35: 14931 47 14442 -388 -347 | 1090
36: 15098 -341 15385 -277 -514 | 1100
37: 15652 270 15219 -388 -458 | 838
38: 15819 -674 14442 222 -347 | 3385
39: 15652 47 14886 -388 486 | 1271
40: 15763 -507 14497 111 430 | 1557
41: 15819 -563 14720 -111 -180 | 1211
42: 15486 -175 14831 500 -69 | 2371
43: 15431 -119 14886 277 -180 | 1860
44: 15098 -175 14997 277 -236 | 1607
45: 15264 -341 15163 222 -347 | 1377
46: 15209 -730 14497 -222 152 | 2671
47: 15986 -8 14942 -277 -458 | 933
48: 15819 -396 14775 333 -236 | 4182
49: 15763 158 15052 277 97 | 4401
50: 15930 -230 14664 -111 -291 | 1323
51: 15042 47 14775 -166 -514 | 1283
52: 15486 -119 14609 55 41 | 2050
53: 15375 -674 14720 444 486 | 2783
54: 14931 -452 14775 -222 -458 | 1050
55: 15209 -64 15497 333 -125 | 4538
56: 15597 -8 15052 -111 263 | 3928
57: 15819 -674 14553 -444 -69 | 529
58: 15098 -563 15219 444 -180 | 1882
59: 15209 -396 14997 -444 -291 | 799
60: 15431 -8 14609 -111 -569 | 1119
61: 15930 -64 14720 388 -514 | 3936
62: 15264 -730 14831 388 -514 | 3449
63: 15042 -64 14609 -333 319 | 3148
64: 15652 -785 15108 500 430 | 1524
65: 14931 -563 14720 0 430 | 1526
66: 15042 -175 14720 444 41 | 2270
67: 15209 103 15330 55 -291 | 1293
68: 15874 -285 14831 -277 -236 | 1215
69: 14931 270 15497 -333 319 | 3813
70: 15320 -285 15330 -555 -125 | 1147
71: 15264 -785 14664 111 -458 | 1108
72: 15708 -452 14720 500 -347 | 3692
73: 15874 -507 15108 166 -125 | 1947
74: 15930 -618 15385 388 -125 | 3988
75: 15763 158 15497 222 152 | 4131
76: 15320 -8 14553 -388 -236 | 832
77: 15486 -230 14775 -222 208 | 3766
78: 14931 -730 15108 388 -569 | 3227
79: 15431 -8 15385 -500 -569 | 821
80: 15874 270 14609 222 -125 | 4171
81: 15098 -730 15441 222 319 | 2593
82: 15541 -674 14553 222 374 | 3085
83: 15375 103 14831 -222 -402 | 1218
84: 15652 -452 14664 -222 263 | 3040
85: 15153 47 14997 -444 -125 | 1203
86: 15042 270 14442 388 -236 | 4807
87: 15375 -785 14831 -222 208 | 1286
88: 15763 214 14886 -55 -347 | 1453
89: 15264 158 14442 -277 -402 | 1005
90: 15098 270 14497 -166 374 | 3340
91: 15874 -563 14664 500 430 | 1623
92: 15597 -64 14942 111 -14 | 5373
93: 15320 -64 14997 -166 41 | 1818
94: 15819 -674 14497 -277 97 | 1548
95: 15209 -175 14497 -222 319 | 1310
96: 15209 -730 14831 444 -514 | 3542
97: 15153 -396 14720 -555 430 | 2571
98: 15763 -64 15052 -333 374 | 3019
99: 14986 -119 14997 55 486 | 1515

generation 19
0: 15486 -230 14997 0 -14 | 7461
1: 15276 -598 14945 368 354 | 2963
2: 15959 -440 14840 421 -329 | 3777
3: 15013 -598 15365 -315 407 | 3253
4: 15538 -178 14471 -263 -277 | 862
5: 15801 -387 14892 0 -224 | 1250
6: 15276 -125 15154 -157 38 | 1548
7: 15118 -73 14840 105 -382 | 1460
8: 15801 -598 14524 -368 -435 | 850
9: 15854 -493 15365 210 -66 | 1889
10: 15749 -440 15102 -105 -382 | 1102
11: 15434 -545 14997 368 -224 | 1811
12: 15801 33 15470 -52 -435 | 1440
13: 15065 -125 14892 -473 301 | 1204
14: 15538 138 14471 -315 -487 | 908
15: 15696 -703 14787 52 -171 | 1223
16: 15329 -387 14734 52 -171 | 1436
17: 15434 -756 15049 473 -66 | 4155
18: 15907 85 15365 -52 -277 | 1347
19: 15538 -598 14997 473 -277 | 3486
20: 15276 -651 14576 -210 -224 | 1076
21: 15118 -756 14840 -473 -329 | 710
22: 15749 -756 14629 -526 38 | 492
23: 15486 -282 14629 157 -66 | 4807
24: 15223 -598 15365 -421 91 | 1018
25: 15696 -73 15312 -315 143 | 1417
26: 15643 -178 14840 263 -66 | 4547
27: 15696 243 14576 157 91 | 2157
28: 15276 -756 15154 -52 -487 | 1271
29: 15171 -178 14576 -105 -329 | 1290
30: 15118 -73 14892 -526 -171 | 1097
31: 15591 33 14471 -526 38 | 1032
32: 15223 -73 15207 157 -66 | 2368
33: 15171 243 14471 421 -329 | 1846
34: 15591 85 14734 368 -277 | 1551
35: 15907 -651 14892 -526 -435 | 1003
36: 15171 -545 14840 -315 301 | 1211
37: 15696 138 14629 -210 -66 | 1033
38: 15749 -125 15260 -473 354 | 1257
39: 15801 -493 14892 -105 249 | 1305
40: 15171 -756 15049 -52 -14 | 1630
41: 15381 -387 14682 315 -540 | 1063
42: 15276 -703 14682 -263 -277 | 1108
43: 15591 -178 15207 315 354 | 3335
44: 15801 -598 14524 52 -329 | 2089
45: 15486 -387 14576 0 -171 | 1275
46: 15854 33 15470 -52 301 | 1387
47: 15434 138 14682 157 -224 | 4569
48: 15171 -178 14840 -526 301 | 2706
49: 15171 -545 14840 473 91 | 1852
50: 15854 33 15260 0 407 | 1627
51: 15591 -73 15365 210 -382 | 1150
52: 15171 -598 14997 -368 -329 | 738
53: 15329 -73 14576 -368 407 | 1525
54: 14960 243 14997 -157 38 | 1679
55: 15276 -598 15260 -210 196 | 3025
56: 15381 33 14524 263 -277 | 1458
57: 15959 -387 14997 -105 143 | 1676
58: 15696 -125 14945 315 -119 | 1896
59: 15643 33 15154 -157 407 | 1567
60: 15538 -387 15365 157 -224 | 1291
61: 15381 -756 14997 315 407 | 3150
62: 15171 -545 14734 -210 459 | 1296
63: 15065 138 15470 157 -224 | 4473
64: 15591 -387 14997 -473 249 | 1187
65: 15486 33 15049 -368 196 | 1262
66: 15434 -387 14576 473 -540 | 1099
67: 15381 243 15102 0 249 | 1545
68: 15486 33 15049 -157 143 | 1578
69: 15538 -230 14997 0 -382 | 1645
70: 15381 -20 14576 52 -119 | 5650
71: 15854 -703 14629 -105 354 | 1355
72: 15434 -230 14682 52 -487 | 1796
73: 15171 -125 14471 -52 -435 | 1290
74: 15381 -178 14945 473 459 | 3575
75: 15065 -230 14945 -263 91 | 1765
76: 15591 -493 15470 210 301 | 1401
77: 15329 -598 15418 -421 -329 | 748
78: 15749 -178 15207 52 -382 | 2418
79: 15749 -387 15260 -157 301 | 1374
80: 15854 33 14892 -157 249 | 1456
81: 15959 -703 15365 -105 -224 | 1197
82: 15486 -125 14682 -52 407 | 1321
83: 14960 -335 14524 0 -14 | 2328
84: 15223 138 14524 473 -119 | 4728
85: 15801 -440 14892 52 196 | 2851
86: 15171 -703 14945 -315 -540 | 1122
87: 15171 -598 14524 210 -382 | 3526
88: 14960 -545 15260 -315 -277 | 1059
89: 15643 85 14734 263 -171 | 2159
90: 15749 -125 15312 -105 -329 | 1162
91: 15854 -493 14997 -263 301 | 1228
92: 15171 -703 14945 -210 407 | 1207
93: 15434 -651 14524 -368 301 | 1283
94: 15854 33 15102 105 459 | 1426
95: 15854 191 14840 -421 -277 | 1118
96: 15276 -282 15365 -368 407 | 2815
97: 15643 -756 14629 -315 354 | 2639
98: 15538 -756 15418 -473 -224 | 695
99: 15801 -651 14524 0 354 | 1369

generation 20
0: 15486 -230 14997 0 -14 | 6857
1: 15536 -380 15347 -450 -14 | 642
2: 15536 220 14797 100 236 | 3612
3: 15886 120 15247 350 86 | 4385
4: 15836 -80 14847 -250 -464 | 915
5: 15236 -580 14547 450 -264 | 4217
6: 15436 -530 15247 0 236 | 3121
7: 15586 -80 14647 -450 186 | 1834
8: 15236 -530 15147 -350 336 | 2591
9: 14986 -30 15197 -100 36 | 2791
10: 15286 120 15297 -200 -414 | 1115
11: 15486 -580 14747 -350 -414 | 794
12: 15536 -130 15447 400 186 | 4075
13: 15686 -630 14847 -50 -314 | 1369
14: 15036 -30 14897 -200 -14 | 1089
15: 15836 220 14697 100 -164 | 5263
16: 15336 -230 14697 300 -114 | 4265
17: 15936 -430 15097 -300 -64 | 828
18: 15286 -380 15197 -250 -214 | 874
19: 15386 -130 14897 300 -464 | 3576
20: 15186 -280 14897 -250 286 | 3103
21: 15886 -630 15247 200 -214 | 3657
22: 15686 -680 15347 0 336 | 3046
23: 15836 -280 15247 -450 -214 | 769
24: 15236 -730 15147 450 -264 | 3430
25: 15536 -380 15347 100 236 | 3372
26: 15536 70 14747 450 136 | 3640
27: 15636 120 15297 -500 36 | 797
28: 15086 -30 14697 50 -314 | 2726
29: 15686 -280 14797 -50 -414 | 1409
30: 15586 -30 14597 350 -264 | 3897
31: 14986 -280 14747 -50 136 | 3599
32: 14986 -730 14547 350 436 | 3034
33: 15736 -230 15297 50 -14 | 4974
34: 15936 -80 15297 -300 336 | 3438
35: 15636 170 15397 450 436 | 3648
36: 14986 -180 14797 -350 -514 | 808
37: 15536 20 14947 -100 -314 | 1367
38: 15086 -280 14747 -300 386 | 3050
39: 15786 220 14547 -250 -414 | 1045
40: 15136 -530 14847 -500 -514 | 728
41: 15186 -80 14997 200 -314 | 4460
42: 15486 20 14847 300 -14 | 5874
43: 15336 220 14747 -50 -114 | 1865
44: 15036 -180 14947 -200 -164 | 1039
45: 15336 -580 15397 -100 -514 | 1104
46: 15586 -130 14697 -500 -314 | 692
47: 15836 70 14947 -150 36 | 1813
48: 15636 -280 14797 -500 -264 | 746
49: 15386 220 15347 -250 -114 | 1028
50: 15236 -430 15097 -200 -264 | 1070
51: 15536 -80 14497 0 186 | 3545
52: 14986 -630 14797 -300 186 | 2756
53: 15486 -80 15047 450 136 | 4234
54: 15086 -530 14597 -500 286 | 2570
55: 14986 -330 15247 350 136 | 3956
56: 15186 -30 15047 300 -514 | 3684
57: 15786 -380 14747 300 -64 | 5260
58: 15936 70 14697 -250 136 | 3079
59: 15886 -380 14797 -50 386 | 3002
60: 15936 -580 14597 200 -364 | 3452
61: 15886 -30 14647 -200 -364 | 1096
62: 15386 -230 15347 -500 386 | 3127
63: 15436 -330 15347 200 -264 | 4149
64: 15336 -30 15147 50 36 | 4781
65: 15286 -680 15047 -250 -364 | 910
66: 15436 70 14797 -300 -14 | 956
67: 15086 -30 15297 -250 -514 | 1043
68: 15936 -430 14597 -100 386 | 2863
69: 15586 120 14797 0 -314 | 1996
70: 15136 -280 15397 350 -514 | 3420
71: 15036 20 15147 100 86 | 4160
72: 15786 -30 14547 250 -14 | 5314
73: 15536 120 14697 -500 186 | 1605
74: 15836 -180 14497 50 -514 | 1701
75: 15486 -530 14947 -50 186 | 2692
76: 15636 -130 14647 -350 -464 | 865
77: 15736 -480 14947 -500 -64 | 606
78: 15636 120 14647 200 86 | 4686
79: 15636 170 14547 0 386 | 3092
80: 15736 220 14947 -100 -14 | 1581
81: 15036 170 14797 50 -164 | 4797
82: 14986 70 15097 250 86 | 4176
83: 15636 -630 14947 200 236 | 3154
84: 15486 -330 15097 200 -414 | 4246
85: 15786 220 14497 350 -464 | 4085
86: 15886 -130 14497 -500 86 | 885
87: 15136 -680 15047 -50 -314 | 1338
88: 15486 -630 15147 -400 -64 | 660
89: 15836 -330 15097 400 -414 | 3681
90: 15336 -330 14997 50 -414 | 2010
91: 15236 220 15197 -250 286 | 3881
92: 15736 70 14497 300 -114 | 4824
93: 15636 220 14547 300 -514 | 3827
94: 15286 -430 14597 50 -64 | 4258
95: 15586 -730 15347 300 386 | 3238
96: 15936 20 14797 -400 -214 | 841
97: 15036 -380 14747 250 -314 | 4120
98: 15636 -230 15097 150 386 | 3328
99: 14986 170 14947 -400 186 | 2363

generation 21
0: 15486 -230 14997 0 -14 | 6558
1: 15866 -183 14855 -190 -490 | 1159
2: 15010 -658 14855 -333 -156 | 787
3: 15533 -420 14521 -190 33 | 1240
4: 15819 55 15282 95 -14 | 2530
5: 15628 55 15330 -428 -61 | 1145
6: 15914 -563 15425 -285 271 | 1374
7: 15866 -610 14855 -190 -109 | 1071
8: 15010 -420 14569 428 -394 | 3784
9: 15439 -183 14902 -47 -61 | 1781
10: 15533 150 14759 -142 -14 | 1319
11: 15344 -135 15425 333 -252 | 1710
12: 15391 55 14950 -476 -490 | 1111
13: 15819 150 14617 285 271 | 3773
14: 15106 -325 14664 285 -490 | 1350
15: 15819 -468 14664 333 -204 | 3849
16: 15581 -277 14712 -47 -109 | 1536
17: 15344 103 14569 -190 176 | 1535
18: 15866 -420 14617 428 -204 | 4173
19: 15676 55 14759 -95 -252 | 1207
20: 15058 -610 14759 285 366 | 3013
21: 15248 -88 15235 -476 33 | 745
22: 15058 -135 15092 380 176 | 1903
23: 15010 103 14664 142 224 | 1856
24: 15819 -135 14569 47 -347 | 1429
25: 15391 -468 15092 142 -252 | 3916
26: 15819 -40 14855 190 -347 | 3900
27: 15296 -706 14902 142 81 | 3450
28: 15914 8 14759 -333 -252 | 948
29: 15533 -515 14617 190 319 | 1514
30: 15819 -563 14569 0 176 | 1521
31: 15248 150 15044 333 -347 | 4275
32: 15771 -420 14997 238 -490 | 3285
33: 15628 -658 15092 -428 -156 | 667
34: 15248 -88 14617 -380 271 | 3351
35: 15914 -88 15092 -428 414 | 2928
36: 15106 -230 14617 -333 -490 | 832
37: 15391 -706 15044 47 -61 | 3470
38: 15676 198 14855 -285 176 | 4079
39: 15391 103 14902 95 33 | 2131
40: 15724 103 14712 -47 33 | 1985
41: 15581 -325 15282 -238 -442 | 1086
42: 15724 -372 14664 -47 -394 | 1437
43: 15724 103 15235 -190 -490 | 1242
44: 15201 -658 15425 95 319 | 2958
45: 15676 -135 14855 190 271 | 1628
46: 15866 -277 14807 190 -14 | 2239
47: 15819 -420 15377 190 -347 | 3833
48: 15533 -658 14617 190 33 | 3651
49: 15248 -277 14521 95 -109 | 1880
50: 15058 55 14569 95 -490 | 1333
51: 15866 150 14712 -238 81 | 1962
52: 15058 8 15139 -142 -61 | 1280
53: 15153 55 14902 142 -394 | 1372
54: 15153 -515 14712 -190 -14 | 1301
55: 15344 -563 15092 428 224 | 1564
56: 15010 -135 14664 -428 -252 | 1138
57: 15771 -183 14664 95 -61 | 2047
58: 15391 -88 15282 -428 81 | 1046
59: 15296 103 14950 -190 -14 | 1598
60: 15533 -277 15235 -142 -156 | 1154
61: 15819 -420 14997 -47 366 | 2935
62: 15819 -277 14997 142 -394 | 1261
63: 15344 -277 14807 -333 -442 | 1174
64: 15724 -183 14855 47 -299 | 1476
65: 15914 -277 14569 -476 -156 | 1087
66: 15581 -515 14950 428 -347 | 1580
67: 15771 55 14617 428 -204 | 1843
68: 15010 55 14855 -380 -61 | 1342
69: 15106 -230 14997 -95 -252 | 1352
70: 15581 -563 15282 47 -204 | 1317
71: 15581 -610 14902 190 -347 | 3078
72: 15724 -420 15425 -285 319 | 3281
73: 15106 -658 15139 -285 81 | 1364
74: 15533 55 14902 428 414 | 1611
75: 15486 -658 14950 -476 -61 | 577
76: 15676 -515 14712 -380 224 | 1167
77: 15106 -40 15377 0 -490 | 1598
78: 15628 -420 15377 -285 -14 | 845
79: 15724 -420 14664 -428 -347 | 784
80: 15344 -135 15044 285 -347 | 1345
81: 15486 150 15282 47 366 | 3804
82: 15819 103 15235 -428 414 | 1362
83: 15486 55 14807 -476 -204 | 1160
84: 15296 -88 15092 -238 319 | 3319
85: 15724 -135 15282 0 128 | 1884
86: 15533 150 14807 -380 -204 | 819
87: 15058 -468 14712 380 271 | 3326
88: 15676 8 15187 -47 -61 | 2095
89: 15248 -135 14759 -333 81 | 1181
90: 15533 -610 15377 285 414 | 3197
91: 15344 -183 15044 238 128 | 1768
92: 15248 -420 14664 -333 -442 | 840
93: 15439 -515 15377 -238 176 | 1266
94: 15676 -135 14997 -476 128 | 1101
95: 15533 150 15330 285 -442 | 4186
96: 15486 198 14664 -476 224 | 2377
97: 15106 -372 15377 -190 -347 | 1043
98: 15581 -183 14569 -142 -204 | 1237
99: 15676 -277 14997 95 -204 | 1258

generation 22
0: 15486 -230 14997 0 -14 | 6813
1: 15486 -684 15133 -454 76 | 780
2: 15077 133 15406 -454 31 | 1315
3: 15576 -502 14997 272 167 | 3279
4: 15531 88 15406 -90 258 | 3816
5: 15123 88 14907 -409 76 | 1042
6: 15667 -185 15406 -45 -150 | 1425
7: 15441 -185 14861 181 31 | 2013
8: 15032 42 14634 45 258 | 3620
9: 15622 -3 15087 272 -286 | 1530
10: 15305 179 14588 318 -104 | 2212
11: 15849 179 15315 363 122 | 2052
12: 15441 -94 14725 -90 167 | 3998
13: 15531 -230 14770 0 -286 | 1946
14: 15396 -230 14543 0 167 | 4419
15: 15396 42 14952 90 76 | 4033
16: 15622 133 15042 227 -150 | 2130
17: 15531 -457 14861 -90 -332 | 1224
18: 15032 -275 14907 272 349 | 1560
19: 15667 -366 14543 409 -59 | 5088
20: 15214 -320 15087 318 -14 | 5241
21: 15305 -457 14816 227 349 | 1564
22: 15849 -275 14907 -363 258 | 1228
23: 15758 -94 14588 227 167 | 4042
24: 15758 -366 14679 -227 -332 | 960
25: 15622 179 14634 136 31 | 2336
26: 15531 -230 15042 -318 -150 | 810
27: 15077 -275 14725 -454 304 | 1274
28: 15667 -230 14816 227 -286 | 3856
29: 15667 -185 14997 227 349 | 1558
30: 15214 -548 14770 -136 -104 | 1149
31: 15396 -639 14543 -363 -195 | 1143
32: 15531 -94 15269 -363 -59 | 828
33: 15713 -3 14997 -454 -150 | 1069
34: 15350 -49 15360 -227 -59 | 1334
35: 15123 179 15087 90 -195 | 1473
36: 15486 42 14997 -136 258 | 3236
37: 15486 -3 14952 0 304 | 1639
38: 15713 -94 14679 -272 213 | 3511
39: 15214 179 14679 181 395 | 1643
40: 15486 -593 14816 -454 395 | 1301
41: 15350 -548 15406 -454 -150 | 591
42: 15804 -593 14725 -136 -14 | 1399
43: 15576 -230 15315 -409 -468 | 726
44: 15350 -320 15178 -363 76 | 1051
45: 15077 -411 14725 272 -468 | 1256
46: 15168 -366 15178 -409 395 | 2919
47: 15305 -639 14634 -227 -423 | 1073
48: 15486 -593 15224 -181 -377 | 1210
49: 15804 133 15087 227 31 | 2435
50: 15214 -49 15042 363 258 | 1996
51: 15214 -140 14634 -90 -104 | 1607
52: 15667 -548 14861 -409 304 | 2846
53: 15350 -366 15360 -45 -286 | 1553
54: 15531 -185 15360 363 -59 | 2422
55: 15576 42 14861 -272 -332 | 891
56: 15486 -639 15315 -363 31 | 1136
57: 15622 133 14679 -136 349 | 1616
58: 15576 -94 15133 45 167 | 3491
59: 15486 133 15133 -454 -468 | 1296
60: 15804 -185 14679 272 -14 | 2489
61: 15622 -320 15360 90 -241 | 3735
62: 15077 -548 14816 363 304 | 2937
63: 15804 -548 15224 136 -14 | 4228
64: 15622 88 14679 363 -104 | 4903
65: 15486 -275 15406 -318 -423 | 1208
66: 15895 -639 15133 181 -59 | 1841
67: 15713 -366 14952 136 -468 | 2943
68: 15305 -411 15224 90 -286 | 1267
69: 15576 -593 15406 409 -150 | 1753
70: 15441 -502 14725 -272 -377 | 894
71: 15214 -49 14679 -318 349 | 1453
72: 15259 -49 15042 0 -59 | 1763
73: 15032 88 15269 -409 -377 | 879
74: 15396 -320 14907 227 76 | 3969
75: 15214 179 14816 -318 349 | 1392
76: 15622 -502 14634 -45 -104 | 1896
77: 15804 -49 14679 90 304 | 1575
78: 15622 88 14725 -272 395 | 3237
79: 15622 42 15269 -409 304 | 3064
80: 15849 -593 14770 363 304 | 1311
81: 15849 -593 15315 272 304 | 1465
82: 15350 -230 14588 -363 395 | 3302
83: 15486 179 14770 -227 31 | 1409
84: 15713 133 14588 409 -377 | 1361
85: 15032 -502 15360 -45 -241 | 1534
86: 15350 -366 14861 136 349 | 3186
87: 15804 -548 14543 181 395 | 3390
88: 15849 -94 14588 45 213 | 3647
89: 15622 -94 15178 363 349 | 3146
90: 15849 -94 14907 45 76 | 3990
91: 15486 -185 15269 -454 76 | 1105
92: 15667 -320 15087 136 122 | 3445
93: 15486 -230 15269 0 258 | 3338
94: 15350 -684 14997 -45 -286 | 1412
95: 15804 -593 15315 90 -468 | 1129
96: 15396 -593 14816 272 122 | 1805
97: 15486 -366 15269 409 395 | 3050
98: 15441 -94 15406 -409 349 | 3468
99: 15576 -548 14588 -454 122 | 1003

generation 23
0: 15486 -230 14997 0 -14 | 6589
1: 15746 74 15388 -434 290 | 3045
2: 15529 161 14954 -304 -57 | 1269
3: 15746 -316 14693 260 -231 | 3718
4: 15486 -490 14606 391 -14 | 4503
5: 15313 -273 15344 347 159 | 1822
6: 15182 -534 15083 43 -274 | 2710
7: 15139 -664 14606 130 -448 | 2830
8: 15833 -447 15040 391 -100 | 2048
9: 15616 -13 14911 -86 29 | 1792
10: 15659 117 14867 -130 290 | 1685
11: 15443 -100 15388 -434 -318 | 718
12: 15616 -534 14867 304 -187 | 4166
13: 15182 -187 14824 -260 -231 | 1078
14: 15833 -57 14650 -347 116 | 1355
15: 15486 -13 14911 391 203 | 1911
16: 15529 -447 15127 43 -274 | 1181
17: 15182 -664 14954 -347 72 | 940
18: 15616 -360 15214 86 -274 | 3799
19: 15659 -13 14867 86 29 | 2153
20: 15572 -187 14780 173 -231 | 1472
21: 15486 74 15083 0 -100 | 3575
22: 15356 -100 14780 -434 -274 | 783
23: 15443 -13 15301 347 290 | 1515
24: 15443 -187 14737 304 -318 | 1322
25: 15052 -534 14997 -434 203 | 2298
26: 15095 -144 15344 347 377 | 3634
27: 15182 -664 14911 217 -14 | 4239
28: 15746 -57 15257 130 -144 | 1823
29: 15052 -577 14650 -43 72 | 1636
30: 15052 -187 14737 260 -100 | 2120
31: 15877 -273 14693 -347 -57 | 1270
32: 15833 -13 15127 -43 -187 | 1277
33: 15572 -144 14824 86 -448 | 3013
34: 15443 -316 14824 -217 -405 | 1007
35: 15616 74 15214 260 -144 | 4537
36: 15400 -316 15344 -260 246 | 3492
37: 15833 -534 14780 -391 290 | 2527
38: 15313 -187 15127 86 -448 | 1353
39: 15877 30 14780 -217 -57 | 983
40: 15790 -403 15301 -304 29 | 1079
41: 15529 74 14606 -173 -231 | 1204
42: 15400 -403 15127 347 -14 | 2320
43: 15443 -316 15170 -130 -405 | 1061
44: 15529 -100 15083 -260 290 | 3509
45: 15269 -13 15170 0 116 | 1744
46: 15182 161 15388 86 -361 | 1407
47: 15529 -534 15388 -260 -361 | 911
48: 15226 -144 14911 -43 -361 | 1468
49: 15877 161 14650 -217 333 | 1722
50: 15703 -316 14693 -130 -231 | 1213
51: 15095 -490 14563 217 -187 | 3989
52: 15616 117 14780 130 -361 | 1336
53: 15400 30 14824 391 -448 | 4046
54: 15052 30 14737 -86 -231 | 1350
55: 15833 161 15257 -434 -274 | 1164
56: 15659 -360 15127 347 159 | 3377
57: 15486 161 15040 0 -187 | 1373
58: 15790 -490 15257 217 -57 | 4262
59: 15833 -534 15301 -260 159 | 2691
60: 15790 30 14997 130 290 | 3384
61: 15746 -187 15257 -260 -318 | 1114
62: 15616 161 14997 347 290 | 1458
63: 15746 -316 14911 -130 333 | 3064
64: 15659 74 15170 0 72 | 4379
65: 15182 -316 14867 86 -231 | 3243
66: 15095 -273 15127 -260 159 | 1212
67: 15486 -664 14780 -130 246 | 2880
68: 15052 -664 15214 0 333 | 3051
69: 15226 161 14824 -260 333 | 1442
70: 15746 117 15214 43 -448 | 1440
71: 15877 -403 14606 347 29 | 2397
72: 15833 -664 14563 43 -274 | 2408
73: 15703 -57 15257 86 -405 | 1374
74: 15572 -100 15127 -434 203 | 2118
75: 15182 30 15170 -391 -405 | 898
76: 15269 74 15040 86 -448 | 2890
77: 15226 -144 15388 -217 -14 | 1018
78: 15486 -13 14650 -347 333 | 1214
79: 15833 -273 15083 -173 159 | 1418
80: 15269 -187 14867 0 -318 | 1404
81: 15659 -100 15388 -391 -187 | 824
82: 15052 -403 14737 86 333 | 1392
83: 15746 30 14650 -130 116 | 4009
84: 15269 -273 14563 391 72 | 1927
85: 15833 117 15127 -304 246 | 1458
86: 15356 -316 15388 -173 377 | 3085
87: 15139 -621 14737 -347 159 | 1270
88: 15529 -577 15083 -130 -187 | 1087
89: 15486 -13 14650 -217 -318 | 1192
90: 15356 -577 14737 -130 -405 | 1097
91: 15746 -403 15040 -347 -405 | 1138
92: 15400 -273 14606 391 -100 | 2126
93: 15572 -577 14954 304 -274 | 1664
94: 15703 -664 15344 -130 -144 | 1135
95: 15269 -273 15170 -130 159 | 1629
96: 15443 -13 15257 173 -361 | 1499
97: 15486 -577 14563 -391 -274 | 1060
98: 15616 -621 14824 217 -405 | 1224
99: 15659 -360 15214 217 246 | 3393

generation 24
0: 15486 -230 14997 0 -14 | 6437
1: 15153 -438 15330 0 -55 | 4479
2: 15736 -355 15163 0 236 | 1578
3: 15819 61 15163 41 -430 | 1410
4: 15527 103 14831 -250 194 | 1384
5: 15486 20 15122 208 -14 | 5468
6: 15278 -605 14581 -333 -14 | 1091
7: 15777 -438 14872 208 -139 | 3980
8: 15736 -521 14872 41 -222 | 1197
9: 15195 -605 14706 -41 69 | 1538
10: 15694 -147 14664 -375 236 | 1337
11: 15445 -480 14747 -333 361 | 3238
12: 15652 -646 15122 -166 152 | 2801
13: 15694 -521 15038 -291 319 | 1465
14: 15861 -189 15122 -166 152 | 1548
15: 15861 -605 15205 166 -305 | 1340
16: 15861 -271 15205 -333 27 | 1166
17: 15569 -521 14872 250 319 | 1458
18: 15819 -521 15330 -291 -55 | 1038
19: 15236 145 14789 250 152 | 1761
20: 15694 -22 14789 -41 111 | 3762
21: 15070 -313 14831 -125 -347 | 1232
22: 15445 -355 15038 -208 -389 | 1210
23: 15652 -271 14747 125 277 | 1424
24: 15153 -147 14581 83 194 | 1559
25: 15153 61 14831 -125 111 | 1824
26: 15569 -563 14581 0 27 | 1805
27: 15278 -230 15038 41 -55 | 5293
28: 15611 -105 15247 291 -14 | 2414
29: 15777 -189 15372 166 277 | 1581
30: 15736 20 14956 -41 -55 | 2286
31: 15736 -189 14831 208 319 | 1469
32: 15527 145 15080 41 -55 | 1877
33: 15736 20 15038 -125 361 | 3565
34: 15111 -605 15080 291 -14 | 2504
35: 15153 -355 15122 125 -389 | 1186
36: 15486 -230 14956 41 361 | 3420
37: 15819 -646 14664 250 -139 | 3554
38: 15569 -355 14831 -250 319 | 1428
39: 15736 -147 14831 -125 -430 | 1347
40: 15320 -313 15122 333 319 | 1641
41: 15195 -105 15288 250 -180 | 1799
42: 15819 145 14914 -125 -14 | 1628
43: 15361 103 14997 -375 152 | 1249
44: 15777 -105 14664 250 -14 | 2428
45: 15070 -147 14664 -125 361 | 1367
46: 15153 -438 14581 -125 -305 | 1216
47: 15819 -230 14914 208 361 | 3016
48: 15694 -438 15330 -291 -264 | 827
49: 15403 -521 14664 41 236 | 1397
50: 15777 -646 14997 41 236 | 2920
51: 15569 -521 14581 166 -347 | 1351
52: 15569 -271 14872 83 236 | 1669
53: 15195 -563 15372 41 -55 | 1995
54: 15819 103 14831 250 -347 | 1364
55: 15486 20 15288 -208 361 | 3294
56: 15611 -64 15080 208 -222 | 3947
57: 15070 -355 14581 -375 152 | 1000
58: 15195 -105 15205 0 277 | 1783
59: 15527 -105 15372 0 -222 | 1330
60: 15070 -646 14706 -166 -97 | 949
61: 15777 -313 14789 -166 -222 | 1233
62: 15736 -147 15372 -83 361 | 1535
63: 15736 -271 14872 291 -14 | 2181
64: 15611 -147 15205 -83 -347 | 1274
65: 15236 -189 15247 -291 152 | 1415
66: 15611 -22 15163 -83 111 | 3964
67: 15195 -396 15122 -416 -264 | 766
68: 15861 20 15247 0 -222 | 2638
69: 15736 145 14831 208 -97 | 2475
70: 15403 -646 14581 -291 -97 | 741
71: 15153 -355 15038 0 -347 | 1228
72: 15278 -521 14956 -416 69 | 1118
73: 15153 -22 14997 208 194 | 3566
74: 15652 -396 14706 -291 277 | 3167
75: 15070 -189 14914 -166 -180 | 1311
76: 15736 -64 15330 250 -55 | 5234
77: 15320 -230 14914 -41 -389 | 1258
78: 15153 -22 15247 41 -139 | 4826
79: 15070 -438 14664 0 111 | 3604
80: 15445 61 15372 83 -430 | 1480
81: 15403 -105 15038 250 361 | 1595
82: 15445 -480 14831 -125 69 | 3292
83: 15694 -438 14706 250 152 | 2999
84: 15736 103 14622 -250 -347 | 1196
85: 15403 -438 14872 0 194 | 3288
86: 15569 145 15080 83 -264 | 1413
87: 15236 -147 15288 -125 -389 | 1120
88: 15403 20 15288 166 194 | 3739
89: 15486 -563 15080 -208 319 | 1340
90: 15861 -105 15247 -416 277 | 1358
91: 15486 -271 14664 333 27 | 2557
92: 15486 -563 14706 166 -180 | 1684
93: 15361 145 15372 -250 -180 | 1322
94: 15569 -480 15205 -41 361 | 3054
95: 15153 145 14622 208 236 | 1732
96: 15861 -64 14956 -125 152 | 4012
97: 15361 -230 15205 -375 -430 | 922
98: 15361 -189 14664 0 -180 | 1556
99: 15445 61 14789 -416 111 | 1302

generation 25
0: 15486 -230 14997 0 -14 | 7639
1: 15806 50 14637 0 346 | 3404
2: 15726 -550 14877 -280 66 | 1142
3: 15766 -30 14717 40 -254 | 3170
4: 15486 -230 15117 160 -254 | 4023
5: 15566 -310 14837 -360 -414 | 816
6: 15366 -470 14597 360 26 | 4685
7: 15406 -270 14597 -320 26 | 901
8: 15846 90 14797 360 106 | 4586
9: 15446 10 14917 120 -134 | 5235
10: 15566 -30 15317 320 -54 | 5005
11: 15646 -230 14957 -360 -294 | 796
12: 15446 -630 14877 -320 346 | 3227
13: 15486 -230 14597 0 -254 | 2097
14: 15206 -550 14677 -80 -374 | 1212
15: 15366 90 15277 200 -294 | 4262
16: 15766 -310 14997 200 -174 | 4240
17: 15086 -590 14917 -360 146 | 1737
18: 15566 -510 15197 40 -214 | 3216
19: 15326 -550 14877 -120 -254 | 1258
20: 15246 -550 14837 -160 26 | 1218
21: 15366 -390 14637 -200 -374 | 972
22: 15726 -550 14957 -160 -54 | 1151
23: 15366 90 14677 -80 -414 | 1418
24: 15766 -630 15197 80 -294 | 2837
25: 15086 90 15277 360 266 | 3752
26: 15166 -510 14597 -80 -334 | 1347
27: 15206 10 14917 240 106 | 3782
28: 15446 -150 14877 40 -14 | 5609
29: 15406 -230 14637 0 306 | 3319
30: 15606 -350 14997 -80 26 | 2941
31: 15646 -630 14677 -280 346 | 2875
32: 15846 -430 15197 40 -174 | 3564
33: 15446 -70 15157 280 -14 | 5093
34: 15366 90 15157 -160 -374 | 1121
35: 15766 -70 15077 320 226 | 4172
36: 15486 -190 15237 -360 346 | 3060
37: 15366 -30 15037 -40 306 | 3819
38: 15166 -590 15237 280 66 | 4033
39: 15166 -390 15357 240 186 | 3570
40: 15126 -30 14837 240 -374 | 3693
41: 15366 -110 14877 360 -294 | 4322
42: 15206 -550 15157 360 -294 | 3555
43: 15286 130 14997 240 -414 | 4110
44: 15086 90 14637 -80 226 | 3806
45: 15326 -230 15157 -200 306 | 3189
46: 15166 -390 15117 -80 146 | 3204
47: 15326 -350 15357 -200 346 | 3100
48: 15646 -590 14637 -80 -414 | 1180
49: 15726 -110 15037 -160 -54 | 1162
50: 15566 90 14917 -200 -134 | 1058
51: 15726 -190 15277 -320 -94 | 834
52: 15406 -470 14877 120 -254 | 3848
53: 15606 -150 15077 -200 266 | 3336
54: 15526 130 15317 -240 -94 | 913
55: 15526 -630 15117 -320 -174 | 845
56: 15686 -390 14757 200 -254 | 4240
57: 15206 -190 14877 -360 -214 | 860
58: 15406 -590 14997 200 146 | 3246
59: 15646 -630 14837 320 -214 | 3460
60: 15726 -270 14797 160 106 | 4003
61: 15286 -430 14797 0 -414 | 1570
62: 15526 -430 15317 -80 -414 | 1244
63: 15166 -190 14717 -320 -254 | 813
64: 15446 -230 15277 360 266 | 3666
65: 15566 -430 15277 0 -254 | 1753
66: 15206 -390 14797 -400 106 | 1120
67: 15526 50 14997 240 -134 | 4946
68: 15486 -630 14797 -360 -414 | 790
69: 15766 -30 14717 -360 266 | 3386
70: 15086 -550 14877 280 106 | 3997
71: 15246 -590 15317 160 66 | 3771
72: 15646 50 14997 80 -54 | 5351
73: 15206 -510 15317 -160 26 | 1212
74: 15766 -310 15037 -320 -54 | 841
75: 15206 -150 14797 -120 106 | 3609
76: 15646 130 15197 160 226 | 3545
77: 15406 -230 14997 320 -254 | 4503
78: 15646 -110 15117 -240 -214 | 921
79: 15166 -630 14597 80 -174 | 3128
80: 15526 -230 15157 200 -254 | 4213
81: 15726 -230 15237 120 266 | 3202
82: 15126 -350 14917 -80 -374 | 1211
83: 15286 10 15077 -120 -134 | 1563
84: 15406 -590 15077 -320 -214 | 739
85: 15446 10 15277 -40 -54 | 2144
86: 15686 -150 15037 0 346 | 3259
87: 15686 -390 14997 -240 346 | 3220
88: 15846 -430 15317 -80 146 | 3627
89: 15566 -430 14677 -240 66 | 1448
90: 15446 -150 15117 120 -174 | 4836
91: 15806 -550 14717 -80 -294 | 1274
92: 15566 -510 15237 200 -214 | 3938
93: 15686 -550 14717 -200 -174 | 942
94: 15646 -430 14757 120 -214 | 3776
95: 15486 -430 14997 -240 -374 | 916
96: 15166 -390 14797 200 346 | 2969
97: 15566 -430 14677 -120 106 | 3632
98: 15286 130 14957 120 -174 | 4571
99: 15646 -590 14917 320 -174 | 3862

generation 26
0: 15486 -230 14997 0 -14 | 7079
1: 15678 -268 15266 230 178 | 3549
2: 15410 -115 15112 -76 62 | 1883
3: 15601 116 15112 -153 -129 | 1147
4: 15639 -38 15227 269 -244 | 4046
5: 15601 -268 14844 -38 -321 | 1575
6: 15524 -537 15112 -230 -14 | 1160
7: 15832 -192 15073 269 -90 | 4410
8: 15832 -422 15112 76 139 | 3756
9: 15294 39 14805 0 -283 | 1385
10: 15601 -460 14997 -38 139 | 3099
11: 15639 -499 14728 -346 -244 | 957
12: 15294 -460 14844 0 -398 | 1341
13: 15448 -230 15035 -346 -129 | 780
14: 15524 -614 15073 -230 -244 | 898
15: 15793 -537 14651 -230 62 | 1370
16: 15716 -268 15266 -153 293 | 3172
17: 15524 -115 15112 -153 -167 | 1318
18: 15755 -460 14690 230 139 | 3584
19: 15179 -422 14767 -192 293 | 2980
20: 15217 39 15304 230 101 | 2104
21: 15639 -383 15189 -115 -321 | 1274
22: 15410 -499 15035 -192 -360 | 1127
23: 15179 -306 15150 -115 139 | 3484
24: 15562 39 14997 153 101 | 1899
25: 15294 -306 14997 -38 139 | 3670
26: 15410 -115 15035 -153 -360 | 1242
27: 15256 -154 15343 76 332 | 2891
28: 15179 -614 15150 -192 255 | 3224
29: 15678 116 15266 -307 -129 | 999
30: 15217 -383 15227 153 -360 | 1238
31: 15448 116 14959 346 -398 | 4110
32: 15678 -345 15112 307 -206 | 1871
33: 15333 -38 15266 307 -129 | 4597
34: 15410 -154 14882 -307 255 | 3442
35: 15256 -268 14959 115 -283 | 3853
36: 15410 0 14997 -230 -14 | 1011
37: 15524 -422 14959 76 -244 | 4163
38: 15486 -306 14728 192 293 | 3146
39: 15102 -77 15112 -38 62 | 2058
40: 15102 39 15227 -115 24 | 1803
41: 15294 -499 14613 153 216 | 1584
42: 15716 -537 15112 -153 293 | 1351
43: 15678 -268 14728 -192 -360 | 1110
44: 15832 -345 14651 153 139 | 1942
45: 15102 -77 14921 115 178 | 1709
46: 15562 -383 14767 -76 101 | 1521
47: 15678 -77 14959 -76 -90 | 1411
48: 15755 -460 14728 -307 -321 | 936
49: 15140 77 15035 -192 -283 | 1308
50: 15256 -460 14997 307 332 | 3291
51: 15256 77 14805 -192 -283 | 1156
52: 15140 39 14959 -192 293 | 1623
53: 15678 -115 15073 -230 101 | 1309
54: 15562 -115 14959 192 216 | 1727
55: 15524 -268 15150 -307 139 | 2241
56: 15755 -383 14997 346 -244 | 1626
57: 15140 -38 15150 346 62 | 4758
58: 15486 -614 14997 38 255 | 3530
59: 15102 -383 14690 76 -321 | 1308
60: 15678 0 15227 -230 -244 | 1048
61: 15562 -38 15112 -153 -52 | 1214
62: 15832 -38 14921 -38 -167 | 2031
63: 15256 -499 14651 346 -321 | 1526
64: 15639 -576 15150 230 62 | 3932
65: 15217 0 15035 -153 -398 | 1114
66: 15601 -115 15227 -346 293 | 1276
67: 15102 -115 14805 -192 24 | 1462
68: 15678 -460 14844 -269 -167 | 850
69: 15562 -345 14959 -153 293 | 1358
70: 15217 -154 15343 -38 -398 | 1438
71: 15256 -154 15227 192 293 | 3765
72: 15410 -306 15073 230 -14 | 4758
73: 15179 -268 15189 -115 139 | 3996
74: 15371 -77 15035 -192 -52 | 1348
75: 15755 -230 14959 307 -90 | 4481
76: 15371 -115 14613 346 -321 | 1637
77: 15102 -499 15150 -76 293 | 1343
78: 15294 -306 15304 -38 -244 | 1734
79: 15102 -192 14805 230 -14 | 5908
80: 15102 -38 14805 -269 62 | 1479
81: 15639 -614 15150 -269 -14 | 778
82: 15179 -499 14728 -307 -321 | 955
83: 15755 -537 15266 38 -321 | 1160
84: 15371 -306 14997 269 255 | 3387
85: 15371 77 14921 76 -167 | 1501
86: 15832 -460 15112 230 -129 | 3970
87: 15294 -537 15343 -384 293 | 1304
88: 15140 -77 14651 -230 255 | 1430
89: 15678 -115 15035 -230 255 | 1589
90: 15639 -192 14805 230 -90 | 4437
91: 15217 -499 15304 -269 216 | 1256
92: 15256 -77 14613 -38 -14 | 1694
93: 15102 -345 15112 346 332 | 1554
94: 15217 -576 15112 -230 255 | 3237
95: 15486 -192 15035 153 178 | 3596
96: 15410 -614 14844 115 216 | 3067
97: 15333 -306 15073 -192 62 | 1744
98: 15410 -576 14844 -384 -283 | 803
99: 15448 -614 14997 -307 -398 | 888

generation 27
0: 15486 -230 14997 0 -14 | 6968
1: 15264 -600 14849 -222 245 | 3045
2: 15449 -82 15293 -185 60 | 1959
3: 15116 -415 15219 -37 23 | 2104
4: 15412 -563 14664 -185 134 | 1339
5: 15634 -193 14849 148 -51 | 2175
6: 15153 -526 14812 333 208 | 3496
7: 15819 -45 15256 -185 319 | 1289
8: 15338 -378 14849 -222 23 | 1063
9: 15782 29 14923 -148 -162 | 1189
10: 15523 -45 15330 -222 60 | 1284
11: 15597 66 15182 74 60 | 4259
12: 15745 -119 14849 -296 60 | 1323
13: 15227 -563 15330 -370 -162 | 1030
14: 15782 66 15071 -222 -273 | 1024
15: 15671 -45 14627 185 -347 | 1231
16: 15782 -341 14923 -37 23 | 2138
17: 15153 -489 14701 222 -125 | 1832
18: 15338 -119 14627 111 -125 | 1857
19: 15264 -8 14923 185 -88 | 5084
20: 15634 -119 14849 296 -14 | 2024
21: 15153 -119 14812 -333 -347 | 982
22: 15338 -193 14627 185 -347 | 1173
23: 15523 -304 15219 -185 208 | 3644
24: 15227 -156 14701 185 -199 | 4391
25: 15449 -193 14664 296 -162 | 1939
26: 15449 -452 15034 -111 -273 | 1167
27: 15597 -267 14923 0 -310 | 1372
28: 15449 29 15145 -37 -236 | 1520
29: 15375 -119 14775 -259 282 | 1348
30: 15116 66 14701 -296 -199 | 887
31: 15375 -156 15219 -370 -310 | 877
32: 15634 -563 14849 259 -51 | 2004
33: 15449 -193 14997 296 -347 | 1488
34: 15560 103 14997 -148 -347 | 1284
35: 15338 -415 15145 0 -88 | 1329
36: 15264 -489 15293 -111 -199 | 1286
37: 15227 -378 14960 37 -125 | 4330
38: 15523 29 14627 296 171 | 1716
39: 15153 103 14849 37 -51 | 1852
40: 15375 -452 14960 0 -310 | 1675
41: 15486 -8 14923 222 319 | 3341
42: 15412 -600 14701 333 -125 | 3591
43: 15819 -82 14849 -37 -162 | 1958
44: 15301 -156 15182 -185 -310 | 1175
45: 15486 103 14701 222 -14 | 2171
46: 15523 -8 14849 74 282 | 3569
47: 15153 -82 15145 -333 -14 | 865
48: 15597 -563 14738 -111 -384 | 1134
49: 15190 -341 15182 -74 -88 | 1371
50: 15597 -119 14627 -74 23 | 1550
51: 15227 -193 14997 -185 319 | 1427
52: 15560 -304 14886 37 -347 | 2031
53: 15301 -156 14886 74 -199 | 4349
54: 15782 -415 14849 111 -199 | 1266
55: 15819 -45 15071 -148 208 | 1510
56: 15116 -193 14960 -370 319 | 1386
57: 15116 -45 14701 -296 60 | 1354
58: 15190 -45 14664 -37 -162 | 1413
59: 15634 -341 14997 -333 319 | 1421
60: 15671 -193 15219 -333 -236 | 1048
61: 15153 -156 15071 111 282 | 2980
62: 15412 -415 14960 259 282 | 1464
63: 15153 -230 15108 -259 60 | 1514
64: 15338 -415 15330 -111 -125 | 1240
65: 15301 -563 15145 185 134 | 1704
66: 15597 -526 14849 -37 -236 | 1713
67: 15486 -193 14923 -296 208 | 1503
68: 15375 -526 14701 222 -384 | 3753
69: 15116 29 14701 -185 97 | 1392
70: 15338 -193 14997 -148 -14 | 1397
71: 15745 -489 14738 37 23 | 1957
72: 15782 -8 15108 -222 282 | 3368
73: 15449 -378 14960 296 -347 | 3626
74: 15745 -415 14738 37 97 | 1701
75: 15671 -489 14738 259 -51 | 1976
76: 15708 -8 14627 -148 -310 | 1143
77: 15227 -8 14812 -148 319 | 3440
78: 15708 -452 15219 -296 -384 | 941
79: 15634 -193 14886 185 -51 | 2093
80: 15116 -452 14849 185 208 | 2590
81: 15560 -193 15330 185 -384 | 1157
82: 15116 -489 15219 111 -51 | 2097
83: 15486 -8 15256 -74 -310 | 1548
84: 15745 -452 15330 111 282 | 3154
85: 15819 103 14997 296 134 | 2040
86: 15523 66 15293 0 -162 | 3118
87: 15338 -526 15256 296 245 | 3919
88: 15449 66 15071 296 -273 | 4478
89: 15153 -304 15330 37 208 | 3147
90: 15634 -304 15108 111 97 | 3636
91: 15523 -156 15071 111 23 | 4590
92: 15338 29 14664 -222 319 | 1484
93: 15375 -193 14664 222 -51 | 2333
94: 15486 66 15330 -296 208 | 3184
95: 15227 -45 15219 148 -162 | 1573
96: 15301 -304 14849 296 -347 | 3909
97: 15819 -563 14849 37 -125 | 1295
98: 15745 -267 15219 0 -162 | 1347
99: 15671 66 14960 222 -162 | 4949

generation 28
0: 15486 -230 14997 0 -14 | 7378
1: 15628 -230 15068 -107 57 | 3611
2: 15557 -551 14676 -178 -121 | 1246
3: 15771 -159 15211 71 307 | 1522
4: 15451 -52 14747 71 93 | 3961
5: 15807 -265 15104 71 -299 | 1366
6: 15486 20 14819 -71 -335 | 1550
7: 15272 -480 14747 214 -299 | 3787
8: 15379 -587 15175 -71 236 | 1355
9: 15236 55 14997 35 -14 | 2778
10: 15451 -159 15282 -214 236 | 1538
11: 15521 -480 14855 214 -85 | 4179
12: 15415 91 15247 107 -121 | 1700
13: 15771 20 14712 107 -192 | 4858
14: 15272 -587 15282 71 -335 | 1230
15: 15664 -337 15318 -178 -14 | 1423
16: 15201 -372 14712 71 21 | 4211
17: 15521 -480 14855 250 57 | 3742
18: 15628 -408 15032 35 -14 | 4446
19: 15486 -551 15318 107 128 | 1723
20: 15736 -265 14890 178 -335 | 1210
21: 15129 -230 14640 321 -85 | 4342
22: 15486 -123 15139 -178 -192 | 1195
23: 15736 -16 14676 -214 128 | 3451
24: 15308 -230 15032 214 -299 | 4269
25: 15628 -372 15175 107 21 | 4532
26: 15201 -230 14676 -35 236 | 3201
27: 15628 -265 14926 178 -371 | 1287
28: 15700 -408 14855 -285 -14 | 857
29: 15236 -587 15318 -214 -228 | 1112
30: 15593 -551 15139 214 -49 | 1873
31: 15415 -230 14926 -214 -228 | 1100
32: 15807 -372 14855 -357 -121 | 758
33: 15272 -337 14926 -214 -299 | 1231
34: 15415 -159 15318 -142 128 | 1630
35: 15201 -230 15139 -321 -156 | 797
36: 15486 -372 14926 250 -299 | 3596
37: 15736 -408 15104 -178 -335 | 1138
38: 15451 -408 15318 -107 236 | 3307
39: 15344 -480 14783 -142 -121 | 1213
40: 15771 -337 15318 285 93 | 2051
41: 15344 -587 14747 -357 93 | 1084
42: 15486 -480 15318 285 -371 | 3636
43: 15593 -52 15247 -142 93 | 3803
44: 15807 -337 15282 285 -121 | 1952
45: 15379 20 14997 71 164 | 3615
46: 15486 -515 14712 -321 -371 | 1192
47: 15700 -337 15068 321 -371 | 1478
48: 15308 -265 14747 214 307 | 1682
49: 15664 -230 15175 71 -85 | 4905
50: 15129 -195 14926 285 -299 | 1320
51: 15664 20 15032 250 -335 | 3822
52: 15344 91 14783 -35 -335 | 1294
53: 15272 20 14640 -35 200 | 3235
54: 15557 -88 15282 -107 -264 | 1394
55: 15736 -515 15104 71 164 | 1589
56: 15593 -159 15282 -321 -299 | 1098
57: 15557 -301 15068 -250 -156 | 1199
58: 15593 -515 14819 250 -264 | 1406
59: 15771 -88 14640 35 -264 | 2885
60: 15415 -480 14962 -142 -264 | 1084
61: 15557 -444 14819 250 -85 | 3902
62: 15557 -195 15104 35 57 | 2065
63: 15379 -52 15104 321 21 | 5947
64: 15807 -123 15104 214 -299 | 1185
65: 15415 -337 14926 -357 -14 | 1082
66: 15521 -301 14819 107 164 | 1528
67: 15415 20 15032 142 164 | 4300
68: 15807 55 15282 71 -335 | 1358
69: 15201 -587 15247 178 21 | 2120
70: 15415 -372 15211 107 164 | 2958
71: 15807 -551 14712 321 93 | 1618
72: 15557 -480 14676 250 200 | 2882
73: 15415 55 14819 321 57 | 2158
74: 15557 91 14712 0 -264 | 1387
75: 15272 -408 15175 107 -371 | 3442
76: 15379 -551 15318 -250 -156 | 1145
77: 15628 -88 15318 214 128 | 4232
78: 15557 -587 15247 107 -49 | 1991
79: 15593 -515 14890 0 -335 | 1227
80: 15521 -480 15068 142 93 | 3774
81: 15700 -230 14997 35 -264 | 2883
82: 15521 -230 15211 -285 128 | 2374
83: 15201 -16 14640 -321 -228 | 896
84: 15628 -408 15211 35 271 | 3447
85: 15308 -16 15068 -178 -121 | 1163
86: 15344 -16 14997 0 -299 | 2041
87: 15664 55 15068 -142 -299 | 1260
88: 15379 -265 15068 -250 21 | 1260
89: 15771 20 15318 321 -14 | 5005
90: 15664 -123 15175 35 236 | 1704
91: 15344 -301 14819 0 93 | 1767
92: 15272 -16 14712 -142 -121 | 1225
93: 15272 -515 15247 -35 -371 | 1300
94: 15807 -16 14676 71 -371 | 2769
95: 15272 -230 14962 -250 -335 | 982
96: 15129 -230 14890 -107 93 | 3635
97: 15272 -123 14676 -321 -228 | 1276
98: 15379 -372 15068 -35 57 | 3391
99: 15521 -408 14855 -35 128 | 3169

generation 29
0: 15486 -230 14997 0 -14 | 6284
1: 15349 -471 14963 0 -151 | 1383
2: 15589 -230 14653 103 227 | 3213
3: 15211 -230 14997 -206 -48 | 1039
4: 15692 -505 14997 34 227 | 1620
5: 15589 11 15065 34 20 | 2600
6: 15142 -196 14825 275 -14 | 5028
7: 15727 -24 15100 275 261 | 3437
8: 15554 -196 14929 -206 -220 | 1032
9: 15727 -333 14860 -103 -255 | 1255
10: 15383 -471 14825 275 123 | 1675
11: 15211 -471 14756 -137 123 | 1626
12: 15623 80 15238 -344 227 | 2961
13: 15418 -264 14825 -310 -117 | 751
14: 15245 -402 15307 -241 -14 | 859
15: 15658 -574 15238 -275 -82 | 806
16: 15142 -264 14756 241 296 | 3503
17: 15761 -162 14722 -310 261 | 3266
18: 15452 -298 15238 -137 -358 | 1184
19: 15349 -367 14963 -241 -358 | 1195
20: 15692 45 14825 172 -324 | 1232
21: 15658 -196 15134 -206 -186 | 1071
22: 15623 -436 14860 241 123 | 3898
23: 15349 -58 14860 -344 -48 | 792
24: 15692 -540 14963 -137 -358 | 1174
25: 15452 -436 14860 275 -358 | 3468
26: 15349 -367 15272 68 123 | 1729
27: 15554 -333 15238 275 54 | 1983
28: 15211 -162 14929 -344 -48 | 815
29: 15623 -367 15238 68 296 | 1381
30: 15761 -540 15065 -103 -117 | 1328
31: 15554 -298 14756 34 -151 | 3898
32: 15658 11 14791 137 -324 | 1395
33: 15761 45 14687 -103 192 | 1584
34: 15589 -264 14929 103 -14 | 4795
35: 15452 -298 14929 -137 54 | 2688
36: 15796 -436 15100 -206 -255 | 966
37: 15554 -24 15031 206 -117 | 4910
38: 15452 -196 15238 137 227 | 3702
39: 15486 -436 14894 34 54 | 3795
40: 15245 -24 15100 -241 -14 | 982
41: 15658 -127 14997 -206 296 | 1353
42: 15211 -58 15203 206 296 | 3083
43: 15520 -574 14929 -241 192 | 3019
44: 15383 -162 14653 206 261 | 3554
45: 15452 -333 14756 241 261 | 1511
46: 15383 -162 15169 -344 192 | 3213
47: 15727 -24 14963 -103 54 | 3904
48: 15142 -540 15307 -68 -48 | 1718
49: 15520 -574 14997 310 -255 | 3708
50: 15761 -367 14894 0 -255 | 1175
51: 15761 -162 14997 103 -48 | 4729
52: 15142 -574 15100 172 54 | 4002
53: 15452 -162 14653 275 20 | 5186
54: 15554 -196 14825 -206 296 | 3092
55: 15623 -58 15307 206 123 | 3453
56: 15623 -58 15065 137 227 | 3603
57: 15383 -162 14963 -34 -186 | 1891
58: 15486 -230 14825 -206 227 | 2921
59: 15452 -127 14722 0 -220 | 1528
60: 15589 -93 15169 275 261 | 1712
61: 15623 -402 14825 -137 -324 | 1180
62: 15520 -162 14929 -206 -151 | 1075
63: 15349 -471 15272 172 89 | 1867
64: 15245 -367 15169 -344 -14 | 1243
65: 15554 -505 15169 137 54 | 1799
66: 15796 -574 15272 -137 261 | 3296
67: 15452 -127 15169 137 296 | 1559
68: 15452 -367 15031 241 -289 | 1316
69: 15761 -471 14825 -68 20 | 1781
70: 15486 -162 14963 -172 -220 | 1158
71: 15520 45 14860 -137 -220 | 1321
72: 15486 45 14791 -34 -220 | 1423
73: 15245 45 15238 0 54 | 2175
74: 15692 80 14997 -344 227 | 3244
75: 15554 -230 15065 0 261 | 3569
76: 15658 -574 14722 -206 261 | 3010
77: 15796 -333 15203 -172 123 | 1483
78: 15142 -24 15065 -172 227 | 3721
79: 15692 -574 15169 -137 -14 | 1129
80: 15796 -93 14722 0 123 | 1604
81: 15520 -93 15203 -241 192 | 1501
82: 15383 -196 15238 -34 -117 | 2148
83: 15383 -298 15169 -241 -151 | 986
84: 15452 -58 15134 103 -358 | 3304
85: 15520 -540 15065 275 -117 | 3972
86: 15658 11 14722 241 296 | 1633
87: 15418 -298 14860 -172 -255 | 1026
88: 15211 -436 15134 34 89 | 3625
89: 15211 45 15134 241 89 | 1953
90: 15554 45 14963 -137 -255 | 1317
91: 15176 -264 14791 -137 -117 | 1253
92: 15280 -540 15203 -137 -14 | 1123
93: 15692 -367 14997 137 -255 | 1263
94: 15589 -24 14894 -344 -358 | 863
95: 15589 -93 14997 -103 -255 | 1137
96: 15280 80 14687 -172 227 | 3360
97: 15692 -367 14860 -344 54 | 1213
98: 15314 -24 14825 -310 -289 | 892
99: 15658 -264 14687 -172 -255 | 1189

generation 30
0: 15486 -230 14997 0 -14 | 7329
1: 15486 -530 15030 -233 -180 | 966
2: 15386 70 14831 33 -280 | 2746
3: 15353 -363 14664 133 52 | 1861
4: 15386 -130 14831 -100 252 | 3166
5: 15420 -330 14964 -133 219 | 3659
6: 15386 -430 14731 66 -214 | 3906
7: 15652 -64 15230 -133 252 | 3438
8: 15220 -396 15230 300 186 | 3616
9: 15519 36 14764 66 -214 | 4148
10: 15386 -197 15230 66 252 | 1603
11: 15420 -530 15263 -33 286 | 2865
12: 15386 -30 14764 -33 -47 | 2602
13: 15786 -30 14797 200 -247 | 4717
14: 15220 -197 14931 33 -280 | 1614
15: 15719 -496 14664 -333 -147 | 801
16: 15320 70 15230 133 52 | 4553
17: 15420 -496 14831 266 19 | 4169
18: 15286 -396 14664 300 -114 | 4432
19: 15453 36 14764 -166 -147 | 1223
20: 15353 70 15230 -100 -14 | 1515
21: 15552 -30 14797 66 -80 | 5182
22: 15519 3 14897 -333 52 | 1288
23: 15786 -296 14864 200 252 | 3286
24: 15752 -563 14797 266 19 | 1879
25: 15253 70 14697 -133 -214 | 1361
26: 15420 -396 15163 233 -214 | 3757
27: 15320 -263 14664 -300 -280 | 1065
28: 15420 -430 15030 166 -180 | 3745
29: 15652 -330 14831 -266 -247 | 961
30: 15286 -164 15197 -66 -280 | 1384
31: 15786 -197 14697 -300 -47 | 1294
32: 15719 -263 15130 66 252 | 1717
33: 15486 -263 14931 0 -280 | 1331
34: 15220 -230 14897 100 252 | 3809
35: 15552 -263 14831 233 -247 | 1622
36: 15153 -530 15163 -66 -314 | 1334
37: 15453 -296 14797 0 -47 | 5021
38: 15619 70 14997 -333 -247 | 869
39: 15420 -463 14797 -66 86 | 1846
40: 15353 -230 15197 100 -214 | 4102
41: 15619 3 14831 33 152 | 1703
42: 15153 -197 14931 166 -347 | 1166
43: 15486 -430 14664 133 -147 | 3772
44: 15186 -563 15230 33 86 | 1773
45: 15552 -197 15197 200 -347 | 1138
46: 15186 -97 14997 -33 -80 | 1524
47: 15353 -463 14831 -233 119 | 1341
48: 15552 -463 15263 -300 -14 | 1221
49: 15486 -197 14864 0 219 | 1731
50: 15552 -197 14997 -300 -280 | 1379
51: 15652 -130 14831 -233 -314 | 1076
52: 15320 -430 15197 200 119 | 3588
53: 15286 -496 14964 -300 -147 | 862
54: 15286 -97 14697 -266 152 | 1277
55: 15552 -164 15263 266 119 | 3592
56: 15386 -463 14831 -33 -214 | 1317
57: 15786 -430 14997 -200 -114 | 932
58: 15519 -230 14797 -100 252 | 3733
59: 15486 -463 15063 300 -180 | 1714
60: 15486 -64 15030 66 -47 | 4999
61: 15752 -430 15097 -66 119 | 3420
62: 15386 -64 15230 -200 -180 | 1188
63: 15619 -463 14964 -200 -347 | 1144
64: 15453 -64 14731 100 -247 | 4632
65: 15153 -463 15263 -200 119 | 1344
66: 15253 -64 14997 -133 -114 | 1159
67: 15786 -430 14764 100 52 | 3791
68: 15453 -164 14664 -100 219 | 3585
69: 15320 -130 15063 -133 219 | 3423
70: 15552 -330 14797 133 -347 | 3289
71: 15386 -363 15163 266 19 | 1993
72: 15486 -530 14864 66 -80 | 4192
73: 15320 -197 14797 -333 186 | 1183
74: 15719 -530 14964 233 -347 | 3527
75: 15353 -97 15097 266 -347 | 1153
76: 15486 -463 14664 166 -47 | 2157
77: 15153 -97 15197 -66 52 | 1791
78: 15786 36 14864 233 -14 | 5357
79: 15353 -97 15097 0 119 | 1877
80: 15220 70 14897 33 186 | 3697
81: 15420 -263 14731 -300 286 | 1447
82: 15652 -430 15130 166 19 | 4747
83: 15286 -64 14831 66 -247 | 3677
84: 15486 -197 15097 -66 -80 | 1647
85: 15652 -97 14731 -300 186 | 1316
86: 15420 -463 15197 166 -147 | 1762
87: 15286 -463 15163 -100 219 | 1596
88: 15353 -496 14697 -300 219 | 2492
89: 15552 3 14797 -33 -47 | 1744
90: 15153 -197 14664 -166 286 | 1532
91: 15153 -130 14831 -266 119 | 2292
92: 15619 -496 15230 -266 219 | 2931
93: 15652 -363 15097 -266 -180 | 1126
94: 15220 -296 15297 -233 -314 | 996
95: 15420 -330 14997 -166 -80 | 1121
96: 15786 -396 14664 33 -280 | 2665
97: 15519 -197 15163 -33 -180 | 1310
98: 15453 -463 14897 266 219 | 1557
99: 15719 -130 14764 -266 152 | 3644

generation 31
0: 15486 -230 14997 0 -14 | 6414
1: 15744 -455 15093 129 115 | 1513
2: 15261 -230 15126 0 276 | 3350
3: 15228 -326 14965 129 211 | 3225
4: 15196 60 14836 -161 244 | 3430
5: 15518 -69 15255 -290 -272 | 1070
6: 15679 -101 15222 0 276 | 1731
7: 15711 -552 15126 -258 -110 | 856
8: 15454 -391 15222 -225 147 | 1437
9: 15422 -5 15126 225 -239 | 1525
10: 15261 28 15158 -64 -239 | 1608
11: 15325 -198 15255 193 50 | 4703
12: 15550 -423 14901 -32 115 | 1627
13: 15744 28 14901 64 -336 | 3149
14: 15357 -134 15222 161 -78 | 4971
15: 15550 -455 15222 258 -336 | 1126
16: 15196 -134 15287 -64 -272 | 1524
17: 15615 -134 14836 -161 -46 | 1117
18: 15744 -262 15126 225 18 | 5273
19: 15164 -326 14965 290 18 | 4987
20: 15228 -391 14836 290 -336 | 1131
21: 15582 -423 15158 32 115 | 1834
22: 15679 -423 14933 -96 -207 | 1129
23: 15486 -134 14965 161 -14 | 5348
24: 15518 -391 14675 -161 115 | 1399
25: 15261 -5 14707 -193 -46 | 1245
26: 15582 -359 14868 258 244 | 1876
27: 15776 -455 14739 129 -143 | 1670
28: 15679 -488 14739 193 -304 | 4147
29: 15357 28 15158 193 -143 | 4458
30: 15711 -326 15029 -32 -207 | 1869
31: 15357 -166 15093 290 211 | 3719
32: 15615 -166 15158 -290 -272 | 957
33: 15582 -552 14868 -96 -143 | 1219
34: 15293 -37 14965 -96 50 | 1545
35: 15486 -391 15029 225 82 | 1973
36: 15711 -326 15061 -64 179 | 3257
37: 15422 -359 14965 -258 244 | 1358
38: 15744 -294 14997 96 -46 | 5138
39: 15325 60 14707 -225 -143 | 1054
40: 15422 -326 14739 -32 -143 | 1993
41: 15647 -198 14804 -129 -46 | 1280
42: 15711 -69 15190 0 147 | 1931
43: 15293 28 15126 -161 50 | 2258
44: 15550 -455 14707 129 -46 | 1883
45: 15486 60 14933 -193 115 | 4399
46: 15357 -423 15126 -32 82 | 1676
47: 15164 -37 14804 -193 115 | 1408
48: 15325 -101 14965 96 -207 | 1282
49: 15293 28 15126 0 147 | 3858
50: 15390 -488 15287 -64 211 | 2937
51: 15164 -230 14933 -322 -143 | 941
52: 15261 -359 14997 -32 -110 | 1569
53: 15647 -262 15158 -322 -143 | 809
54: 15454 -5 14675 0 -239 | 1500
55: 15679 -326 15093 0 211 | 2785
56: 15422 -262 14675 290 -46 | 5227
57: 15454 -198 15061 225 18 | 4868
58: 15744 -166 14997 -32 82 | 3604
59: 15454 -423 14772 -161 179 | 1440
60: 15196 -101 14868 96 -175 | 1488
61: 15454 -262 15061 129 18 | 4862
62: 15196 -488 14707 -290 115 | 1846
63: 15486 -488 14836 -258 -336 | 906
64: 15711 -134 14804 290 -272 | 3936
65: 15744 -294 15255 96 82 | 4163
66: 15390 -359 14675 96 276 | 1453
67: 15711 -101 14675 -290 -78 | 1322
68: 15261 -488 14739 -193 179 | 3156
69: 15679 -326 15255 -258 -304 | 1027
70: 15486 -198 15126 161 -14 | 5611
71: 15422 -391 14997 -96 -14 | 1518
72: 15679 -359 15190 193 18 | 2298
73: 15390 -391 14836 290 -143 | 2007
74: 15325 -101 14933 -96 18 | 1785
75: 15293 -37 15255 -225 244 | 1507
76: 15776 -134 14965 129 -336 | 3863
77: 15518 -101 15222 -290 -304 | 1271
78: 15776 -262 15287 -96 -175 | 1447
79: 15486 -359 14997 161 -175 | 1822
80: 15679 -166 15061 225 50 | 4945
81: 15261 -134 14933 -290 -78 | 853
82: 15744 -166 15126 -96 244 | 3110
83: 15357 -230 15093 -193 -239 | 1074
84: 15357 -455 15093 -129 18 | 1403
85: 15486 -37 14965 -290 -207 | 1098
86: 15647 -262 15190 -96 244 | 3223
87: 15164 -230 15061 -64 -239 | 1510
88: 15550 -359 15158 -129 -175 | 1373
89: 15357 -134 14901 290 -46 | 4966
90: 15518 -391 14804 193 18 | 2296
91: 15390 -359 14675 225 -110 | 1818
92: 15293 -423 14965 64 -239 | 1223
93: 15776 -391 14836 -225 82 | 1204
94: 15422 -37 15061 161 115 | 1836
95: 15711 -520 14901 225 50 | 4152
96: 15422 -294 15255 -161 -207 | 1074
97: 15196 -166 14997 96 -46 | 4819
98: 15486 -262 14836 32 -272 | 2426
99: 15422 -230 14901 96 115 | 3637

generation 32
0: 15486 -230 14997 0 -14 | 7407
1: 15236 -137 15153 0 -232 | 1386
2: 15424 -137 15278 -93 -139 | 1342
3: 15736 -542 14747 0 -326 | 1665
4: 15548 -168 14685 0 17 | 4379
5: 15673 -323 15278 -62 -14 | 1791
6: 15330 -292 15090 62 -76 | 4343
7: 15330 -355 14716 -312 204 | 1307
8: 15673 -292 14997 156 -107 | 4349
9: 15455 -137 14685 31 142 | 1597
10: 15174 -417 14935 62 -139 | 1357
11: 15767 -292 14841 0 204 | 3585
12: 15642 -74 14841 -312 -326 | 850
13: 15330 -386 15247 250 204 | 3107
14: 15393 -74 15247 250 -14 | 5176
15: 15704 -323 15184 218 -14 | 2416
16: 15517 -261 14872 31 -295 | 1195
17: 15579 -199 14997 250 79 | 1865
18: 15393 -355 14716 -187 236 | 1445
19: 15205 -230 15184 281 -76 | 4383
20: 15579 -323 14779 -218 204 | 1552
21: 15361 -511 15184 -250 -14 | 1177
22: 15736 -386 14685 -156 -45 | 1124
23: 15579 20 14685 -218 -76 | 1099
24: 15330 -480 14872 -125 267 | 3407
25: 15330 -323 14966 -281 267 | 1369
26: 15455 -355 15247 -156 -264 | 1318
27: 15393 -448 15153 -218 204 | 3388
28: 15330 -137 14747 218 236 | 1694
29: 15517 -199 14935 -218 -139 | 1140
30: 15455 -511 14716 156 -107 | 1854
31: 15174 -168 15153 -281 -170 | 910
32: 15361 -230 14810 187 -107 | 4481
33: 15361 -448 14997 -281 236 | 2968
34: 15393 20 15028 -250 173 | 3556
35: 15486 -386 15278 250 -295 | 3590
36: 15704 -323 14747 250 142 | 1625
37: 15455 20 14904 187 267 | 2851
38: 15579 -480 14747 218 236 | 2777
39: 15455 -74 15090 62 173 | 3242
40: 15517 51 15122 -218 -295 | 1188
41: 15236 -386 15278 -281 142 | 2427
42: 15174 51 14779 -250 -45 | 1210
43: 15486 -448 14935 218 -326 | 3788
44: 15767 -480 15122 -281 17 | 853
45: 15330 -448 14872 250 142 | 3864
46: 15611 -230 15122 -31 -170 | 1999
47: 15424 -199 14747 281 -170 | 1934
48: 15704 51 15184 62 79 | 1941
49: 15330 -480 15184 -156 48 | 2018
50: 15424 -386 15122 156 236 | 3371
51: 15736 -542 14716 -187 236 | 2999
52: 15424 -199 14685 156 -326 | 1299
53: 15704 -74 14779 281 111 | 3695
54: 15174 -261 15090 187 -295 | 1300
55: 15736 -105 14810 -125 267 | 1346
56: 15673 -323 14810 -250 -264 | 1226
57: 15642 -542 14747 187 204 | 3268
58: 15548 -386 14935 -156 48 | 1848
59: 15174 -480 14904 156 111 | 3768
60: 15205 -43 14779 -125 -201 | 1446
61: 15673 -417 15247 -312 -264 | 1106
62: 15736 -292 14966 125 -232 | 3851
63: 15517 -261 14779 -156 236 | 1576
64: 15548 20 15153 62 -232 | 4126
65: 15393 -417 15215 125 -326 | 1352
66: 15268 -323 14935 -125 79 | 1533
67: 15548 -74 14966 -218 -107 | 1081
68: 15517 -511 15184 93 -107 | 1741
69: 15767 -417 15215 125 -14 | 2336
70: 15642 51 14685 -250 17 | 1422
71: 15642 -261 15184 62 142 | 1639
72: 15424 -43 14747 187 111 | 1852
73: 15642 -542 14966 -187 -232 | 1013
74: 15704 -323 15184 -156 -326 | 1285
75: 15299 -43 15215 93 -264 | 1511
76: 15767 -542 14716 281 -264 | 3861
77: 15330 -105 15028 -281 236 | 1323
78: 15736 -511 14872 -312 204 | 1253
79: 15205 -74 14966 -250 17 | 1042
80: 15579 -199 14997 -281 -76 | 1099
81: 15517 -12 14810 -312 -264 | 882
82: 15767 51 14747 -312 -14 | 1224
83: 15673 -386 15184 281 236 | 3557
84: 15361 -12 15278 93 204 | 3480
85: 15424 -355 14810 250 -76 | 2368
86: 15642 -448 15059 -125 173 | 3248
87: 15174 -261 15122 218 -45 | 2308
88: 15424 -43 14685 31 -76 | 1733
89: 15486 51 15122 250 267 | 1504
90: 15299 -417 15184 187 204 | 1470
91: 15611 -43 14779 250 -139 | 2004
92: 15299 -355 14966 -62 -201 | 1445
93: 15736 -292 15090 -187 -170 | 1015
94: 15611 -168 15090 125 142 | 3538
95: 15236 -43 15153 -62 -139 | 1394
96: 15611 -168 14997 -250 -326 | 996
97: 15174 -292 15215 156 267 | 2968
98: 15268 -199 14841 -156 267 | 1561
99: 15205 -448 14935 125 -107 | 4209

generation 33
0: 15486 -230 14997 0 -14 | 7111
1: 15274 -170 15209 121 167 | 3486
2: 15396 -79 14937 -181 -135 | 1337
3: 15758 -109 15118 0 46 | 2380
4: 15183 -411 14997 121 16 | 2202
5: 15637 -18 15118 -212 -226 | 1129
6: 15426 -170 15027 30 -256 | 2939
7: 15365 -351 14876 -212 46 | 1217
8: 15244 -442 14907 30 -104 | 4685
9: 15576 -472 14725 -303 -195 | 864
10: 15335 -170 14937 181 -104 | 4512
11: 15516 -200 15178 242 -104 | 4382
12: 15758 -351 15027 -242 228 | 1487
13: 15576 -290 15178 -303 -226 | 858
14: 15456 -109 14876 181 -165 | 1975
15: 15576 -472 15269 -90 107 | 3378
16: 15274 -170 14876 -181 -317 | 1028
17: 15335 -320 15057 -272 -165 | 1018
18: 15516 -170 14816 -242 107 | 2243
19: 15244 -79 15118 0 -104 | 1370
20: 15728 42 15118 -181 -74 | 1132
21: 15758 -230 14997 30 -44 | 5963
22: 15667 -351 15087 121 -256 | 1208
23: 15607 -533 14997 242 76 | 1841
24: 15396 -260 14876 30 16 | 4618
25: 15546 -381 15239 -90 167 | 1398
26: 15728 -381 14907 60 -44 | 1941
27: 15637 -442 15027 212 107 | 3379
28: 15183 -140 15087 121 -74 | 4337
29: 15637 -533 14694 -151 228 | 1289
30: 15335 -381 15269 30 167 | 1766
31: 15486 -411 14755 -303 -226 | 1031
32: 15486 -230 14937 212 -256 | 4333
33: 15456 -381 15239 -272 -256 | 1018
34: 15305 -140 14937 212 258 | 3410
35: 15426 -140 15269 -303 -14 | 904
36: 15456 -381 15148 -303 198 | 1259
37: 15546 -472 15087 -121 -226 | 1294
38: 15667 -49 15087 181 -165 | 1790
39: 15426 -18 14997 -121 -14 | 1412
40: 15335 -230 14816 90 -74 | 4241
41: 15637 -140 15087 -90 76 | 4371
42: 15274 -290 15239 30 -44 | 4883
43: 15396 -79 15027 60 76 | 1777
44: 15365 -533 14725 60 167 | 1538
45: 15365 -533 15118 212 228 | 1333
46: 15305 -472 14937 -303 -104 | 723
47: 15426 -290 14694 90 137 | 3899
48: 15335 -260 14785 -212 -317 | 1094
49: 15546 -200 15148 181 -226 | 4672
50: 15183 -472 14816 -272 107 | 1840
51: 15546 -320 14876 242 167 | 3730
52: 15305 -442 15239 -151 137 | 3227
53: 15698 -381 14785 -30 258 | 1405
54: 15486 -109 14937 121 228 | 1726
55: 15183 12 14725 -90 107 | 4461
56: 15305 -320 14967 -303 -74 | 850
57: 15637 -140 15148 -242 16 | 1004
58: 15546 12 14876 -242 137 | 3717
59: 15607 -170 14725 -30 -286 | 1586
60: 15183 -533 15178 -303 -135 | 1065
61: 15365 -533 14816 -90 -104 | 1183
62: 15516 -442 15118 -303 167 | 2497
63: 15607 -320 14725 -30 -44 | 2591
64: 15305 -140 14694 -212 -74 | 1011
65: 15637 -18 14694 181 228 | 3368
66: 15576 -290 15239 -30 -317 | 1621
67: 15305 -320 14694 -272 -135 | 933
68: 15758 -411 14997 -151 -195 | 1115
69: 15728 42 15027 272 -286 | 4519
70: 15576 -442 15118 90 228 | 3111
71: 15607 -533 15148 121 198 | 1472
72: 15365 -290 15209 181 -44 | 4780
73: 15728 -502 15209 242 107 | 3636
74: 15274 -230 15239 -151 137 | 3394
75: 15607 -442 14907 212 107 | 4114
76: 15426 -472 14997 121 -104 | 4384
77: 15426 -260 14937 181 137 | 3611
78: 15335 -472 14785 121 228 | 3269
79: 15335 -170 15027 121 16 | 5293
80: 15698 -18 15087 151 137 | 3830
81: 15426 -502 14997 -90 16 | 1843
82: 15698 -79 15087 -90 -14 | 1709
83: 15214 -320 15027 -30 -226 | 1961
84: 15365 -351 15209 -242 -317 | 1169
85: 15426 42 15087 272 76 | 3945
86: 15667 -260 14755 -30 -195 | 1909
87: 15698 -260 15239 -303 198 | 2986
88: 15456 -18 14816 -242 167 | 3248
89: 15365 -79 14785 -30 -195 | 1694
90: 15396 -49 14755 181 -14 | 2465
91: 15274 -411 14967 -60 -195 | 1402
92: 15607 -411 15087 181 -165 | 1928
93: 15456 -351 14876 272 -135 | 1920
94: 15637 -290 15148 -303 -226 | 921
95: 15516 12 15239 121 -74 | 4504
96: 15637 -140 15178 212 -14 | 5208
97: 15365 -533 15118 -90 -74 | 1297
98: 15486 -502 14816 151 198 | 3408
99: 15456 -18 14785 -60 167 | 3376

generation 34
0: 15486 -230 14997 0 -14 | 6196
1: 15486 -54 15173 -176 250 | 3460
2: 15515 -172 14792 -264 -131 | 947
3: 15721 5 15055 0 -278 | 1307
4: 15486 -25 15202 -117 -14 | 1799
5: 15574 -494 14968 29 -278 | 1999
6: 15691 34 14821 -88 -249 | 1485
7: 15369 5 15232 -235 -249 | 1279
8: 15457 -113 14909 -176 -102 | 1301
9: 15574 -83 14850 -147 -161 | 1279
10: 15721 -318 14762 147 -131 | 4538
11: 15310 -494 14909 -147 44 | 1692
12: 15192 -465 15026 205 -14 | 2512
13: 15339 -435 14939 147 -131 | 1786
14: 15251 -54 15055 -29 44 | 4338
15: 15515 -83 14909 176 44 | 2163
16: 15574 -347 14703 -88 74 | 1694
17: 15369 -406 15114 -147 -43 | 1204
18: 15721 -347 14821 -264 -219 | 1135
19: 15603 5 14880 117 74 | 2014
20: 15310 -288 14733 -58 -14 | 1825
21: 15603 34 14850 -264 -102 | 977
22: 15691 -347 15085 -29 -131 | 1410
23: 15750 -83 14997 -147 74 | 1478
24: 15515 -406 15261 147 191 | 3783
25: 15251 -494 15173 -294 133 | 2089
26: 15222 -25 15173 147 -161 | 1780
27: 15369 -259 15202 -205 -249 | 1274
28: 15662 -172 14733 -235 -249 | 997
29: 15398 -494 14968 -29 -131 | 2092
30: 15251 -524 14762 -264 -72 | 835
31: 15192 -83 14968 -58 -72 | 1658
32: 15691 -494 15202 88 162 | 2974
33: 15603 -201 14850 29 103 | 1943
34: 15192 -524 14880 -264 -249 | 920
35: 15428 -524 14792 0 -43 | 4543
36: 15222 -172 14733 176 -131 | 4636
37: 15457 -288 15085 29 162 | 3637
38: 15574 -524 15202 0 74 | 3358
39: 15603 -377 14821 29 -72 | 1652
40: 15486 -435 14939 176 -190 | 1606
41: 15486 -25 15173 -147 -102 | 1314
42: 15339 34 15026 -88 133 | 3896
43: 15691 -288 14792 -205 15 | 1069
44: 15750 -54 15026 -58 -102 | 1996
45: 15662 -113 14821 58 221 | 1571
46: 15544 -465 14733 88 15 | 2211
47: 15721 -83 14939 117 -278 | 1283
48: 15398 -524 15055 235 250 | 2761
49: 15398 -288 15261 0 15 | 5192
50: 15515 -494 14909 117 -43 | 4233
51: 15369 -201 15173 0 -219 | 1415
52: 15603 -83 15232 147 -308 | 1206
53: 15457 -377 15144 -29 -308 | 1293
54: 15428 -54 15055 -294 103 | 1876
55: 15281 34 14762 -235 -43 | 1005
56: 15574 -377 14997 88 -308 | 1185
57: 15544 -201 15026 -58 103 | 1521
58: 15369 -113 14733 -176 -278 | 1324
59: 15222 -377 14909 -58 103 | 1661
60: 15750 -25 14997 -205 -43 | 1276
61: 15339 -347 14968 264 -308 | 1302
62: 15486 -377 14880 88 221 | 1575
63: 15369 -377 14733 -29 -161 | 1242
64: 15633 -83 15026 176 44 | 2367
65: 15544 -259 15202 29 221 | 1616
66: 15544 -465 14909 117 -161 | 1594
67: 15428 -201 14792 205 15 | 2403
68: 15310 -524 15173 -235 74 | 1471
69: 15369 -288 14997 -88 191 | 3740
70: 15633 -83 14821 235 15 | 2395
71: 15662 -230 14733 117 103 | 3810
72: 15750 5 15173 235 44 | 2137
73: 15603 -347 14821 -29 162 | 1664
74: 15398 -377 15173 -205 -102 | 1293
75: 15457 -494 14909 264 -308 | 3510
76: 15662 -347 15144 -264 162 | 1380
77: 15398 -259 15232 -294 133 | 1367
78: 15544 -201 14850 -264 -43 | 1208
79: 15486 -318 14909 117 162 | 3500
80: 15281 -142 14762 264 -72 | 4617
81: 15222 -524 14968 -264 15 | 821
82: 15457 -25 14968 205 -14 | 2150
83: 15339 -54 15055 -176 162 | 3614
84: 15398 -288 15261 88 -43 | 4878
85: 15192 -435 15173 -88 -43 | 1327
86: 15339 -201 15114 264 -249 | 1408
87: 15251 -524 14792 -205 74 | 1799
88: 15603 -172 14792 -176 -278 | 1131
89: 15339 -494 15202 205 -161 | 3432
90: 15574 -25 15114 -176 -249 | 1211
91: 15633 -406 15202 -176 44 | 1655
92: 15721 -259 15144 58 -72 | 2146
93: 15691 -113 14703 58 191 | 1665
94: 15603 34 14733 -29 133 | 3892
95: 15281 -113 15173 -294 -190 | 1227
96: 15603 -347 14733 -58 -14 | 1778
97: 15281 -435 14909 58 250 | 1484
98: 15515 -230 14939 -117 -249 | 1274
99: 15428 -83 14939 -29 -72 | 1691

generation 35
0: 15486 -230 14997 0 -14 | 6450
1: 15600 27 15225 -171 -214 | 1480
2: 15600 -59 14969 -142 243 | 1375
3: 15458 -116 14940 -285 71 | 1469
4: 15571 -315 15139 -57 100 | 1735
5: 15372 -287 14740 85 157 | 1596
6: 15258 -401 15225 -85 -271 | 1215
7: 15543 -487 15054 0 214 | 1430
8: 15657 -59 15111 -142 -271 | 1309
9: 15344 -88 14912 114 -99 | 4820
10: 15229 27 14912 -57 -71 | 1723
11: 15229 -116 14940 114 -299 | 4194
12: 15315 -59 15168 -228 128 | 1381
13: 15686 -116 15197 0 157 | 3714
14: 15401 -344 15054 -257 -214 | 904
15: 15344 -2 14997 85 43 | 4186
16: 15714 -344 14826 -142 100 | 3589
17: 15315 -2 14712 57 71 | 4139
18: 15201 -59 14969 200 -14 | 2278
19: 15344 -344 15168 114 157 | 3436
20: 15543 -487 15111 171 100 | 1904
21: 15714 -145 15054 -57 -128 | 1468
22: 15686 -344 15054 85 -214 | 4264
23: 15714 -30 14769 257 -42 | 5721
24: 15628 -202 15197 171 -299 | 3547
25: 15743 -145 14912 142 -99 | 2084
26: 15628 27 14712 0 128 | 1964
27: 15372 -287 14940 28 -71 | 1734
28: 15401 -515 15139 257 71 | 1772
29: 15486 -2 14997 57 -42 | 5328
30: 15514 27 15054 -285 -71 | 1254
31: 15571 27 14740 57 -128 | 1506
32: 15229 -315 14855 85 186 | 1600
33: 15543 -515 14855 -285 14 | 1141
34: 15600 27 15025 -257 14 | 1441
35: 15657 -430 14740 228 157 | 3643
36: 15486 -487 14912 -228 -271 | 1169
37: 15401 -315 15054 -28 243 | 1475
38: 15486 -458 14912 142 128 | 4153
39: 15315 -315 14912 -228 243 | 1411
40: 15714 -287 15254 -257 -271 | 1148
41: 15486 -258 14826 28 -99 | 4413
42: 15543 -145 14940 57 -99 | 1606
43: 15229 27 15139 -142 -71 | 1455
44: 15600 -88 14997 85 -242 | 4018
45: 15714 -230 14969 -142 43 | 2046
46: 15229 -59 15054 -285 -42 | 1309
47: 15571 -458 15254 200 -156 | 4052
48: 15714 -458 15225 257 100 | 3510
49: 15686 -173 15082 57 -14 | 2484
50: 15258 27 15197 -171 43 | 1487
51: 15201 -458 14769 -257 -299 | 939
52: 15372 -458 15168 228 100 | 3681
53: 15686 -202 15168 171 -271 | 4271
54: 15571 -315 14797 -200 -128 | 1178
55: 15686 -487 15225 0 71 | 1734
56: 15429 -401 14826 -114 -271 | 1333
57: 15686 -2 15139 28 243 | 3252
58: 15628 -2 14769 -200 -71 | 1038
59: 15657 -487 15054 -142 -42 | 1385
60: 15344 -2 15168 -57 -242 | 1753
61: 15258 -30 14797 85 243 | 3590
62: 15429 -145 15168 85 14 | 2439
63: 15686 -230 14969 -171 71 | 2520
64: 15229 -515 14797 -200 128 | 1391
65: 15543 -202 15168 171 157 | 3475
66: 15372 -487 14912 -228 -271 | 1038
67: 15458 -30 15225 -171 -242 | 1159
68: 15458 -173 15139 200 -156 | 2233
69: 15401 -344 14912 -57 14 | 2651
70: 15229 -258 15025 171 -185 | 4396
71: 15372 -287 15168 142 -185 | 1410
72: 15543 -487 14855 257 128 | 1651
73: 15372 -515 14826 171 -185 | 1552
74: 15372 -2 15197 114 128 | 3800
75: 15600 -487 14769 -228 -271 | 1067
76: 15571 -88 15025 171 14 | 5407
77: 15628 -116 15054 -200 -42 | 1123
78: 15429 -287 14769 -114 243 | 1532
79: 15486 -401 14712 114 71 | 1880
80: 15315 -145 15025 85 -99 | 2092
81: 15714 -287 14712 57 -242 | 1309
82: 15229 -372 15197 -171 71 | 2399
83: 15201 -173 14940 -171 128 | 1514
84: 15686 -145 14797 57 243 | 1502
85: 15286 -458 15139 -200 -71 | 932
86: 15429 27 14740 257 -156 | 2083
87: 15201 -230 15082 -285 -242 | 845
88: 15401 -116 14940 171 -14 | 4993
89: 15571 -59 14769 -257 -271 | 1192
90: 15714 -202 14883 85 -214 | 4861
91: 15686 -59 14855 57 14 | 2266
92: 15344 -487 14797 -85 43 | 1719
93: 15429 27 14769 85 43 | 2179
94: 15344 -515 14883 -142 157 | 1517
95: 15429 -2 14826 28 43 | 4800
96: 15686 -487 14797 -200 -128 | 1246
97: 15714 -515 14797 142 71 | 1853
98: 15372 -515 15111 -28 -99 | 1650
99: 15372 -258 15254 -257 -242 | 1021

generation 36
0: 15486 -230 14997 0 -14 | 7280
1: 15541 -313 14803 -194 -41 | 1126
2: 15431 -64 15219 55 236 | 3809
3: 15209 -119 14747 194 -180 | 1863
4: 15486 -119 14914 250 -41 | 2424
5: 15569 -8 14997 -83 180 | 4076
6: 15292 -424 15191 -111 -14 | 1335
7: 15486 -8 15191 83 69 | 4103
8: 15375 -147 14775 -166 180 | 1561
9: 15236 -36 15024 138 -125 | 4375
10: 15652 -368 14720 138 152 | 3582
11: 15459 -257 14886 27 -69 | 1611
12: 15292 -119 15052 55 -264 | 1390
13: 15597 -92 15024 27 -69 | 5587
14: 15680 -230 15108 250 -125 | 4141
15: 15513 -175 15135 -194 -97 | 1276
16: 15236 -203 15052 -250 -125 | 1349
17: 15209 -452 14914 222 -125 | 4198
18: 15431 -480 14720 -277 -125 | 885
19: 15569 -341 14747 194 180 | 1646
20: 15236 -119 15247 138 -152 | 1581
21: 15708 -313 15191 83 -236 | 1313
22: 15348 -313 14859 -27 -69 | 1532
23: 15513 -230 14803 27 -69 | 5259
24: 15459 20 14775 -250 13 | 999
25: 15431 -313 15191 -250 -180 | 1197
26: 15375 -452 14997 222 208 | 3304
27: 15624 -64 15191 55 -264 | 3111
28: 15513 -36 14942 166 -97 | 4562
29: 15459 20 14970 -166 -236 | 1357
30: 15459 -147 15080 27 -125 | 1471
31: 15320 -203 15080 83 41 | 2087
32: 15459 -175 15135 250 -14 | 2296
33: 15348 -341 15219 111 236 | 1458
34: 15736 -368 14942 -277 69 | 1346
35: 15403 -257 15052 -55 -152 | 1283
36: 15624 -8 14997 -277 -41 | 977
37: 15652 -368 14747 -222 -14 | 895
38: 15348 -424 14775 -277 124 | 2306
39: 15320 -36 14747 -222 13 | 1128
40: 15541 -119 15163 83 -125 | 1742
41: 15459 -507 14914 111 -264 | 1177
42: 15541 -480 15247 -222 -264 | 975
43: 15431 -230 15219 -250 41 | 1206
44: 15459 -313 15163 -194 236 | 1751
45: 15513 -507 15191 -166 97 | 1378
46: 15431 -36 14942 194 -14 | 5129
47: 15597 -341 14775 83 41 | 2007
48: 15292 -368 15080 111 -97 | 4578
49: 15403 -92 15219 -138 152 | 3528
50: 15264 -341 15135 0 -14 | 2599
51: 15624 -147 14997 55 208 | 1600
52: 15320 -175 14914 -138 -41 | 1556
53: 15680 -203 14942 27 -152 | 1369
54: 15209 -313 14775 -111 69 | 1682
55: 15486 -147 14942 -277 208 | 1386
56: 15348 -119 14859 -277 -152 | 1236
57: 15403 -313 15219 -27 13 | 2234
58: 15652 -368 14831 -194 -236 | 1137
59: 15348 -175 15108 83 152 | 1783
60: 15513 -119 15135 83 41 | 2266
61: 15431 -92 14859 194 -97 | 4249
62: 15624 -119 15108 -277 -125 | 1262
63: 15736 20 15108 -27 -291 | 1861
64: 15680 -8 14886 -250 69 | 1728
65: 15209 -313 14886 -111 41 | 1580
66: 15597 -36 15219 -250 -208 | 1048
67: 15486 -257 14997 138 208 | 1551
68: 15486 -203 15052 -166 -208 | 1299
69: 15736 -424 15135 -138 -180 | 1257
70: 15624 -452 14775 83 152 | 3281
71: 15652 -119 15135 111 -291 | 1363
72: 15403 -507 14997 -111 -264 | 1139
73: 15569 -64 14775 138 -180 | 4537
74: 15236 -368 14914 -138 -41 | 1228
75: 15264 -396 14831 194 -264 | 3417
76: 15236 -368 14831 -194 208 | 3642
77: 15541 -203 14831 -83 -152 | 1424
78: 15348 -119 14859 -83 41 | 1718
79: 15375 -175 14970 -250 -97 | 1183
80: 15348 -452 14859 55 -97 | 3820
81: 15375 -119 14831 -194 -180 | 1141
82: 15348 -396 14970 -250 -97 | 914
83: 15736 -147 15247 -166 41 | 1475
84: 15652 -480 14914 111 -291 | 3594
85: 15736 -175 15052 -277 69 | 1283
86: 15736 -36 15135 166 -41 | 5231
87: 15624 -424 15163 250 -125 | 4310
88: 15541 -64 14997 83 -14 | 5042
89: 15459 -175 15135 -277 -69 | 1197
90: 15431 -36 14747 138 13 | 5381
91: 15236 -341 14803 83 -97 | 1903
92: 15680 -368 14831 -166 -264 | 1080
93: 15375 20 14831 111 208 | 3343
94: 15264 -341 14914 55 13 | 2088
95: 15680 -452 14803 -166 -236 | 1063
96: 15320 -175 15024 194 -97 | 2059
97: 15597 20 14886 222 -180 | 4405
98: 15569 -313 14747 -27 13 | 2307
99: 15624 -313 14803 27 -264 | 1344

generation 37
0: 15486 -230 14997 0 -14 | 7450
1: 15513 -176 15213 -81 40 | 3816
2: 15567 -203 15051 -270 -122 | 1284
3: 15486 -230 15213 108 -68 | 4742
4: 15351 -149 15105 0 -176 | 1329
5: 15567 -338 14781 189 121 | 3541
6: 15729 -41 14835 -270 202 | 1517
7: 15567 -419 14781 27 13 | 1948
8: 15594 -392 15105 -108 148 | 3778
9: 15540 -41 15213 -189 -203 | 1313
10: 15378 -284 14943 -243 13 | 964
11: 15540 -338 15186 -108 -203 | 1182
12: 15567 -41 14727 189 -14 | 2861
13: 15486 -446 15078 54 67 | 3798
14: 15648 -311 14970 -189 -149 | 1292
15: 15378 -95 14781 162 202 | 1809
16: 15675 -419 15240 -108 148 | 1462
17: 15486 -230 14781 243 175 | 3714
18: 15675 -392 14889 0 94 | 3447
19: 15648 -500 15159 0 67 | 3497
20: 15270 -338 15051 27 -41 | 4968
21: 15675 -257 15186 54 202 | 1607
22: 15621 -257 14754 -108 -95 | 1396
23: 15459 -284 15213 -189 -68 | 1047
24: 15405 -500 15051 81 -14 | 4256
25: 15378 -230 14808 135 -284 | 3850
26: 15432 -41 15213 -270 -284 | 1136
27: 15432 -257 14997 189 -257 | 1293
28: 15432 -392 14808 -243 13 | 886
29: 15486 -446 15024 -270 -149 | 852
30: 15729 -311 15186 -162 -257 | 1119
31: 15216 -446 15024 -189 175 | 3426
32: 15297 -203 15105 -243 -203 | 1240
33: 15621 -473 15051 189 202 | 1667
34: 15594 -41 15132 -27 -14 | 1890
35: 15378 13 15051 189 -284 | 1342
36: 15459 -257 14916 216 -149 | 1912
37: 15216 -14 14916 -189 67 | 2203
38: 15675 -14 15159 27 40 | 4767
39: 15729 -14 15078 -162 -95 | 1163
40: 15324 -14 14835 243 229 | 3607
41: 15378 -41 15213 0 -122 | 1689
42: 15486 13 14916 0 -14 | 2053
43: 15540 -230 14727 54 -122 | 4670
44: 15594 -257 14835 0 40 | 1837
45: 15648 -446 15024 -216 -122 | 967
46: 15702 -14 15159 135 175 | 3585
47: 15621 -473 14889 -135 40 | 1482
48: 15540 -68 14808 -270 -122 | 887
49: 15567 -392 14943 -108 148 | 3417
50: 15378 -500 15186 -189 -230 | 989
51: 15486 13 15159 -243 67 | 1397
52: 15270 -203 15024 0 -122 | 1470
53: 15432 -41 14943 -108 -203 | 1436
54: 15540 13 15024 135 13 | 2683
55: 15459 -473 15132 -27 -95 | 1409
56: 15324 -68 15240 -243 229 | 3989
57: 15243 -203 14997 0 -176 | 1463
58: 15324 -392 15159 135 121 | 3519
59: 15594 -68 15051 -216 94 | 2796
60: 15405 -338 15078 216 -230 | 3919
61: 15648 -311 15132 -162 175 | 1605
62: 15270 -284 14862 -243 -257 | 949
63: 15324 -122 14862 -108 -176 | 1262
64: 15459 -230 14970 189 202 | 3660
65: 15648 -176 14889 -270 -122 | 940
66: 15216 -284 15078 -108 202 | 3881
67: 15405 -122 15213 -216 202 | 3364
68: 15405 -68 15213 54 -41 | 5281
69: 15216 -284 14808 189 94 | 3950
70: 15216 -14 15186 -243 148 | 2929
71: 15405 -41 14727 -135 175 | 1451
72: 15378 -41 15186 27 -203 | 1394
73: 15432 -14 15213 -108 -284 | 1264
74: 15432 -149 14943 -81 175 | 1597
75: 15675 13 14862 -243 148 | 1495
76: 15513 -149 15105 -270 94 | 1120
77: 15270 -311 14808 -216 40 | 1317
78: 15540 -257 14997 0 40 | 2087
79: 15351 -14 15024 135 148 | 3530
80: 15297 -392 14754 54 13 | 4087
81: 15702 -257 14997 135 -230 | 1327
82: 15702 -338 15132 54 229 | 3141
83: 15243 -95 14889 -162 -41 | 1516
84: 15513 -41 14997 -243 229 | 1395
85: 15297 -14 14970 108 94 | 3723
86: 15351 -257 14997 -108 67 | 1614
87: 15567 -68 14808 -189 13 | 1200
88: 15675 -149 14970 -135 175 | 1507
89: 15432 -338 15051 -81 13 | 1864
90: 15594 -14 14943 -162 13 | 1352
91: 15729 -311 14970 -54 67 | 1775
92: 15621 -149 14808 189 13 | 2622
93: 15648 -230 14916 27 -149 | 3848
94: 15486 -257 15213 243 -122 | 1888
95: 15648 -500 15051 -270 -95 | 835
96: 15297 -122 15186 -189 229 | 3940
97: 15432 -446 15213 -27 -14 | 2878
98: 15540 -41 15132 -81 94 | 1851
99: 15378 -95 14862 -135 -95 | 1392

generation 38
0: 15486 -230 14997 0 -14 | 7145
1: 15538 -466 14892 157 91 | 3658
2: 15460 -46 14892 -78 64 | 4041
3: 15223 -20 15233 -157 170 | 4031
4: 15670 -466 15128 -184 -119 | 1016
5: 15643 -256 15075 184 38 | 4638
6: 15223 -46 14971 -236 -198 | 960
7: 15250 -125 15181 236 -224 | 1464
8: 15512 -256 15233 -26 143 | 3657
9: 15355 -230 15128 -157 -119 | 1132
10: 15538 -125 14945 -78 170 | 1561
11: 15591 -99 15207 -263 -171 | 1196
12: 15486 -493 14761 26 -224 | 1300
13: 15670 -152 14945 -105 38 | 2960
14: 15486 -256 14761 -236 222 | 3392
15: 15486 -20 14971 184 -198 | 4643
16: 15408 -256 14971 131 -66 | 4292
17: 15696 -440 14840 184 -224 | 3792
18: 15434 6 15102 -210 12 | 1124
19: 15434 -204 15154 -52 170 | 4037
20: 15434 -20 15207 -210 38 | 1473
21: 15670 -178 14997 210 -40 | 5526
22: 15564 -335 14997 105 64 | 1834
23: 15486 -152 14919 -105 -224 | 1331
24: 15250 -308 15075 157 -250 | 4132
25: 15643 -73 14840 52 -145 | 1506
26: 15564 -152 14813 26 -92 | 4867
27: 15617 -256 15023 -105 222 | 3326
28: 15223 -204 14866 -210 196 | 3191
29: 15512 -387 15023 210 -198 | 1819
30: 15564 -493 14997 210 -66 | 1885
31: 15302 -99 14840 -78 222 | 1581
32: 15460 -493 15049 -131 12 | 1299
33: 15722 -178 15049 0 -14 | 7083
34: 15538 -440 15102 -26 143 | 3532
35: 15538 -493 15075 -184 222 | 1397
36: 15643 -282 15023 -105 -119 | 1343
37: 15722 -256 15075 -184 -66 | 1066
38: 15564 -361 14945 -131 -224 | 1369
39: 15512 -46 15102 -157 222 | 4201
40: 15355 -73 15102 236 -145 | 2105
41: 15486 -204 15207 131 -119 | 4575
42: 15460 -204 14892 -263 -40 | 964
43: 15329 6 14997 210 91 | 3652
44: 15696 -204 15023 -105 -66 | 1436
45: 15564 -230 15181 -52 91 | 3811
46: 15670 -361 14787 -184 143 | 1339
47: 15722 -361 14919 184 -250 | 1190
48: 15355 -335 15049 26 196 | 1606
49: 15276 -308 14971 -157 -145 | 1114
50: 15329 -414 14945 -78 -250 | 1345
51: 15460 -466 15023 -105 -250 | 1325
52: 15670 -99 14892 236 -14 | 2428
53: 15276 6 15154 -236 -66 | 976
54: 15670 -20 14919 -236 -250 | 1000
55: 15355 -99 14945 131 -277 | 1357
56: 15381 -204 14813 105 196 | 3492
57: 15643 -99 15023 -52 91 | 1853
58: 15538 -46 14761 210 170 | 4189
59: 15538 -178 14945 -52 -145 | 1913
60: 15434 -46 14813 131 -14 | 5362
61: 15329 -466 14892 78 -66 | 3731
62: 15696 6 15233 -236 -145 | 993
63: 15460 -256 15075 -236 170 | 3290
64: 15408 -152 15128 -52 -171 | 1769
65: 15329 -493 15154 -157 -277 | 1322
66: 15591 -178 14971 184 -277 | 3609
67: 15223 -440 15075 210 -92 | 4187
68: 15250 -73 15207 52 -40 | 2402
69: 15617 -466 15207 -52 -224 | 1584
70: 15434 -99 15154 131 143 | 1846
71: 15538 6 15154 -263 117 | 2521
72: 15460 -125 15233 210 38 | 2189
73: 15722 -230 14892 52 -277 | 2992
74: 15355 -361 15154 -184 170 | 1394
75: 15355 -230 15233 157 222 | 3724
76: 15250 -387 14892 -26 222 | 1490
77: 15276 -466 14997 26 -224 | 3002
78: 15355 -493 14945 157 -14 | 2095
79: 15538 -73 15075 210 -277 | 1499
80: 15564 -99 14892 0 -14 | 2032
81: 15302 -308 14761 105 -198 | 3794
82: 15538 -282 15233 210 170 | 3881
83: 15696 -466 15023 -263 38 | 1020
84: 15355 -46 14840 78 91 | 3898
85: 15381 -335 14787 236 143 | 1798
86: 15276 -152 15049 -263 117 | 2083
87: 15276 -387 15102 -184 -14 | 1409
88: 15486 -99 15207 -26 91 | 1760
89: 15643 -282 14919 236 -277 | 3671
90: 15512 -387 15207 131 170 | 1682
91: 15538 -466 15128 -105 64 | 3410
92: 15538 -282 15207 -157 -40 | 1134
93: 15564 -335 14866 236 -224 | 1840
94: 15617 -256 14971 -105 222 | 3130
95: 15617 -440 15233 -210 64 | 1542
96: 15722 -152 15181 184 -277 | 3997
97: 15591 -466 15102 0 -92 | 3355
98: 15408 -125 14945 -131 196 | 1535
99: 15670 -230 15154 105 -40 | 4905

generation 39
0: 15486 -230 14997 0 -14 | 6601
1: 15562 -383 15125 -230 -90 | 1204
2: 15486 0 14818 -25 -65 | 2539
3: 15281 -154 14818 -256 -142 | 984
4: 15665 -281 14869 230 -193 | 1750
5: 15256 -154 14767 153 114 | 3786
6: 15256 -154 15150 -205 88 | 2758
7: 15384 -281 15202 -230 -39 | 1207
8: 15691 -383 14767 -230 -142 | 1097
9: 15256 -383 15202 -153 139 | 1572
10: 15333 -128 14844 -230 62 | 1578
11: 15435 -435 15202 -230 11 | 1284
12: 15562 -128 15150 -230 139 | 3534
13: 15511 0 14844 -25 62 | 4605
14: 15384 -306 15176 230 -244 | 3860
15: 15588 -486 15176 51 165 | 3169
16: 15562 -281 15022 -25 -39 | 1472
17: 15639 -51 14844 102 -14 | 2238
18: 15410 -486 14844 -179 -244 | 1161
19: 15256 -128 14767 179 139 | 3425
20: 15588 -409 15125 -179 -219 | 1291
21: 15639 -51 15125 -128 -244 | 1169
22: 15537 -25 14997 -179 -65 | 1293
23: 15716 -205 15176 128 -142 | 1668
24: 15435 -435 14869 51 -116 | 1436
25: 15716 -358 15048 51 -193 | 3619
26: 15435 -332 15202 -153 -244 | 1201
27: 15562 -179 14997 -51 191 | 1719
28: 15511 -486 14946 -230 114 | 2716
29: 15639 -154 15202 -102 -65 | 1366
30: 15307 -128 15022 -230 191 | 3421
31: 15461 -486 14844 -230 37 | 1238
32: 15410 -435 14997 179 -116 | 1853
33: 15307 -230 14997 76 191 | 3265
34: 15435 -77 14997 179 -14 | 2762
35: 15665 -358 14818 128 11 | 4708
36: 15307 0 15176 -102 37 | 3134
37: 15435 -102 14844 51 -39 | 4694
38: 15435 -205 15022 0 -65 | 1659
39: 15461 -154 15227 230 191 | 3576
40: 15461 -281 15099 -256 -142 | 1285
41: 15639 -51 14792 230 62 | 2347
42: 15588 -102 14844 -179 -244 | 1119
43: 15435 -205 15176 51 114 | 1616
44: 15384 -486 14895 -25 -14 | 2815
45: 15410 -25 15125 -102 165 | 1604
46: 15562 -102 14869 230 -90 | 4790
47: 15281 -77 14869 -128 -90 | 1496
48: 15486 -205 14792 -102 88 | 1924
49: 15333 -128 15202 76 -116 | 5068
50: 15562 -205 15202 -256 -270 | 1178
51: 15230 0 15202 128 -142 | 4539
52: 15614 -486 15048 76 216 | 3430
53: 15537 -102 14921 179 37 | 4135
54: 15410 0 14818 -230 -142 | 1012
55: 15486 -358 15227 -51 -14 | 2208
56: 15665 -460 14767 128 62 | 3411
57: 15562 -102 15048 25 -219 | 3467
58: 15461 0 14792 102 37 | 4281
59: 15562 -332 14921 -230 114 | 2870
60: 15230 -486 15099 128 -244 | 3666
61: 15511 -358 15227 -205 -142 | 1047
62: 15461 0 14921 -179 -116 | 1155
63: 15537 -281 14767 -128 37 | 1622
64: 15614 -332 15022 179 -270 | 4348
65: 15307 -230 15202 -205 -193 | 1058
66: 15562 -128 14818 230 -219 | 4525
67: 15665 -230 14921 153 37 | 4738
68: 15562 -51 14818 51 37 | 2312
69: 15461 -383 14767 -205 -244 | 1158
70: 15358 -51 14946 153 -116 | 1979
71: 15230 -205 15176 230 -142 | 1973
72: 15537 -383 14741 -51 -167 | 1311
73: 15588 -358 14895 -230 62 | 1555
74: 15511 -332 14997 102 191 | 3170
75: 15614 -77 15125 -51 -14 | 1743
76: 15639 -154 14741 153 -244 | 4484
77: 15384 -51 15048 128 -65 | 2163
78: 15461 -281 15048 -230 -65 | 1240
79: 15435 -102 14869 128 165 | 3782
80: 15691 -332 15125 -256 37 | 1085
81: 15384 -102 14741 -230 114 | 2937
82: 15511 -255 14741 25 191 | 1535
83: 15256 -255 15125 -128 -142 | 1299
84: 15614 -102 14869 -76 139 | 3620
85: 15562 -77 15048 0 -193 | 1426
86: 15256 -281 14767 153 -65 | 2167
87: 15562 -128 15150 -102 -90 | 1324
88: 15307 -51 15176 -153 -270 | 1311
89: 15614 -358 14972 -205 11 | 1034
90: 15384 -255 15202 25 -65 | 1731
91: 15588 -77 15150 205 -116 | 1985
92: 15716 0 14895 -256 -65 | 945
93: 15410 -332 14792 -179 37 | 1401
94: 15486 -332 14767 230 -219 | 3600
95: 15256 -332 14946 -205 -270 | 1063
96: 15511 -255 14972 -230 37 | 1376
97: 15665 -102 14767 102 88 | 3926
98: 15716 -358 14869 -102 191 | 3251
99: 15562 -154 14844 153 -65 | 4809

generation 40
0: 15486 -230 14997 0 -14 | 7226
1: 15411 -480 14772 50 36 | 3695
2: 15461 -380 15097 -125 -164 | 1229
3: 15636 -130 15222 0 86 | 3599
4: 15336 -380 15222 0 36 | 4050
5: 15411 -230 15197 -75 -39 | 1647
6: 15461 -405 15172 75 -239 | 1238
7: 15686 -180 14772 50 -164 | 4066
8: 15561 -455 14772 -250 -114 | 1035
9: 15361 -80 15047 150 211 | 3496
10: 15711 -155 14822 200 111 | 1828
11: 15636 -355 15197 -100 -139 | 1306
12: 15711 -305 14747 -50 -264 | 1486
13: 15261 -305 14872 100 11 | 2262
14: 15461 -5 15047 -200 211 | 1612
15: 15486 -305 14947 -200 136 | 1448
16: 15411 -455 14772 0 -264 | 1210
17: 15436 -30 15172 -100 -139 | 1564
18: 15286 -330 15047 -200 86 | 2538
19: 15361 -405 15072 0 -39 | 1812
20: 15336 -205 14972 -50 86 | 1965
21: 15436 -30 15072 150 -239 | 4545
22: 15261 -405 15097 -200 -114 | 1165
23: 15386 -205 14847 -150 -39 | 1508
24: 15261 -330 15122 100 -239 | 4255
25: 15286 -205 15147 125 -239 | 1132
26: 15386 -180 14847 125 -264 | 3739
27: 15686 -105 15022 -150 -164 | 1425
28: 15336 -355 15222 200 -264 | 1139
29: 15361 -355 14822 -200 -239 | 1233
30: 15536 -405 14922 -250 -39 | 1185
31: 15236 -130 14747 -25 -239 | 1886
32: 15561 -105 15072 0 -214 | 1542
33: 15386 -280 15172 175 36 | 4608
34: 15261 -455 14997 75 11 | 1978
35: 15486 -30 15147 -125 36 | 2043
36: 15461 -55 15147 -25 -39 | 1891
37: 15661 -255 14822 0 186 | 1744
38: 15361 -105 14872 200 -139 | 2165
39: 15411 -80 14897 175 61 | 4392
40: 15486 -230 14897 -250 -189 | 1009
41: 15686 -430 15097 -100 -89 | 1378
42: 15386 -80 14872 100 -139 | 4617
43: 15386 -180 14897 0 86 | 3806
44: 15361 -105 14972 -200 -139 | 1204
45: 15411 -230 14797 75 211 | 3714
46: 15611 -405 14972 100 136 | 1746
47: 15561 -180 15197 225 -14 | 5503
48: 15386 -355 14897 -175 36 | 1426
49: 15311 -255 14847 0 11 | 2373
50: 15486 -305 14897 25 -39 | 2256
51: 15536 -30 15222 -100 11 | 1687
52: 15686 -155 14922 -250 -89 | 1236
53: 15311 -355 15222 -225 -164 | 1152
54: 15486 -5 14772 -50 -214 | 1348
55: 15561 -180 14847 -25 -214 | 2033
56: 15611 -5 14972 100 11 | 2418
57: 15686 -330 14772 0 -164 | 2795
58: 15561 -480 15172 -250 -264 | 913
59: 15361 -405 15172 150 136 | 1752
60: 15261 -330 15147 125 -89 | 4430
61: 15486 -280 15222 100 186 | 3336
62: 15561 -430 14972 -200 136 | 3006
63: 15536 -180 15097 100 -214 | 4681
64: 15686 -5 15122 125 211 | 1540
65: 15611 -180 15097 75 -39 | 5512
66: 15286 -330 14922 200 -239 | 4014
67: 15586 -255 14797 75 111 | 1677
68: 15236 -30 14972 -225 -264 | 1002
69: 15661 -330 14872 25 -264 | 2079
70: 15711 -455 15222 100 -39 | 2048
71: 15486 -430 15072 150 -89 | 4445
72: 15286 -30 15072 0 161 | 3473
73: 15411 -80 15197 -25 -14 | 3089
74: 15361 -455 14947 -75 86 | 1577
75: 15261 -380 14747 -100 -64 | 1358
76: 15236 -55 14772 25 36 | 2160
77: 15486 -155 15097 -150 -39 | 1313
78: 15261 -30 14747 -100 -64 | 1411
79: 15461 -355 14872 225 -114 | 1887
80: 15411 -380 14922 -75 11 | 1948
81: 15286 -480 14947 100 186 | 3282
82: 15636 -305 15147 175 186 | 1774
83: 15236 -480 14847 100 -164 | 4018
84: 15361 -305 15097 -125 -139 | 1258
85: 15611 -330 15022 50 -139 | 4536
86: 15661 -5 14997 175 186 | 1657
87: 15561 -205 15022 -225 -139 | 1388
88: 15461 -255 15047 175 -89 | 2180
89: 15311 -55 14922 -75 11 | 1644
90: 15311 -380 14997 175 -14 | 5278
91: 15436 -180 15147 225 -164 | 4508
92: 15586 -280 15122 150 161 | 3518
93: 15386 -255 14947 175 -189 | 1733
94: 15586 -30 15047 200 136 | 3538
95: 15711 -455 15072 200 -264 | 1397
96: 15661 -155 14872 -75 11 | 1635
97: 15411 -105 15122 125 -114 | 1817
98: 15536 -255 14922 225 -139 | 1982
99: 15336 -355 14922 -125 86 | 1527

generation 41
0: 15486 -230 14997 0 -14 | 6488
1: 15316 -35 14973 -73 -184 | 1575
2: 15316 -182 14973 24 -233 | 2974
3: 15413 -400 15167 219 -135 | 4039
4: 15681 -60 14778 -73 -38 | 1749
5: 15365 -35 14754 -195 181 | 1334
6: 15681 -230 14754 -97 -14 | 1515
7: 15413 -230 14754 170 156 | 3799
8: 15316 -182 14778 -121 -184 | 1254
9: 15291 -376 15192 24 -160 | 3463
10: 15340 -254 15070 170 -62 | 4861
11: 15583 -133 15216 97 132 | 1764
12: 15462 -157 14900 -24 205 | 1650
13: 15462 -84 14778 -24 -135 | 2399
14: 15486 -351 15167 24 -14 | 2244
15: 15243 -327 15094 219 -38 | 2492
16: 15486 -109 15021 -170 -160 | 1244
17: 15705 -35 15192 0 -160 | 1485
18: 15607 -11 15167 73 -62 | 2347
19: 15462 -425 15167 0 34 | 1997
20: 15291 -449 15167 -243 -160 | 1053
21: 15705 -182 14802 -121 10 | 1486
22: 15534 -84 15192 -170 205 | 3784
23: 15291 -425 14973 -219 -135 | 1136
24: 15583 -278 14851 -170 -233 | 1098
25: 15365 -182 14851 -195 107 | 3118
26: 15438 -376 14949 170 -160 | 4639
27: 15534 -84 15167 -73 -233 | 1571
28: 15243 -11 15167 24 -209 | 1440
29: 15462 -157 15143 0 -111 | 1507
30: 15267 -84 15094 195 -257 | 4141
31: 15632 -400 14851 48 -135 | 4430
32: 15705 -473 14778 -73 156 | 1622
33: 15681 -182 14876 121 205 | 3451
34: 15389 -303 15192 146 181 | 1730
35: 15534 -60 14851 -243 -87 | 965
36: 15291 -133 14851 170 34 | 2129
37: 15340 -351 14924 -48 156 | 1630
38: 15340 -473 14973 -121 205 | 1461
39: 15681 -400 15021 -170 -14 | 1060
40: 15291 -449 14997 48 -38 | 2269
41: 15243 -376 14900 -146 156 | 3222
42: 15583 -303 14827 195 132 | 1579
43: 15607 -133 14778 97 83 | 1941
44: 15486 -35 15094 24 107 | 1919
45: 15583 -449 15021 170 132 | 1686
46: 15267 -473 15167 24 -160 | 1269
47: 15705 -182 14973 -121 -62 | 1332
48: 15681 -11 14924 -219 -38 | 1415
49: 15316 -278 15118 146 -209 | 4320
50: 15486 -35 15045 146 -38 | 2138
51: 15413 -425 14997 195 -257 | 1363
52: 15389 -182 15045 146 107 | 3881
53: 15632 -109 15216 170 -257 | 1192
54: 15438 -303 15045 121 -62 | 2212
55: 15559 -206 14949 -24 -87 | 2596
56: 15486 -206 14900 97 -87 | 4624
57: 15413 -133 14997 0 -160 | 1634
58: 15291 -84 14949 -97 -160 | 1509
59: 15340 -425 15021 -170 34 | 1244
60: 15340 -400 15216 -48 205 | 3342
61: 15243 -449 14802 -48 -209 | 1257
62: 15462 -206 15070 -73 -135 | 1561
63: 15559 -109 15021 121 -135 | 1723
64: 15632 -60 15070 146 -184 | 4550
65: 15486 -473 15167 -219 -160 | 1263
66: 15267 -351 15216 -219 59 | 1388
67: 15486 -157 14924 48 -233 | 1380
68: 15462 -425 15045 121 -233 | 1167
69: 15486 -278 15143 73 -184 | 4143
70: 15267 -449 15045 -73 181 | 1316
71: 15413 -60 15192 146 181 | 3842
72: 15583 -35 15143 97 10 | 2385
73: 15267 -376 14851 -243 -38 | 875
74: 15656 -425 14827 0 156 | 1540
75: 15340 -182 15167 -219 156 | 3206
76: 15534 -133 15216 -146 -233 | 1328
77: 15656 -400 14997 -73 205 | 3142
78: 15267 -133 15167 170 -257 | 1201
79: 15438 -230 15143 -146 10 | 1366
80: 15365 -425 15070 -48 -160 | 1467
81: 15291 -157 14949 219 -111 | 2078
82: 15365 -206 14754 -146 -87 | 1257
83: 15583 -157 14997 -146 59 | 1644
84: 15462 -60 14924 219 83 | 4372
85: 15413 -11 14876 -170 -160 | 1436
86: 15438 -449 14900 -219 -38 | 1226
87: 15291 -400 15094 0 83 | 3663
88: 15243 -109 15167 73 34 | 2147
89: 15340 -11 15167 -97 107 | 1795
90: 15486 -303 15070 -24 -111 | 1484
91: 15413 -278 14900 -146 34 | 1814
92: 15291 -376 15070 -243 -135 | 970
93: 15583 -425 14754 -24 34 | 2075
94: 15389 -449 15216 -170 -111 | 1070
95: 15510 -11 14876 -219 -135 | 1348
96: 15267 -400 15070 97 59 | 3991
97: 15705 -157 14778 170 -14 | 2450
98: 15365 -11 15094 0 205 | 1888
99: 15534 -351 14778 48 -111 | 1495

generation 42
0: 15486 -230 14997 0 -14 | 6809
1: 15652 -325 15211 95 -109 | 1823
2: 15320 -183 14926 -142 -228 | 1337
3: 15628 -111 15020 -23 33 | 2192
4: 15652 -207 15116 -71 128 | 1620
5: 15463 -207 15020 166 128 | 1838
6: 15509 -159 15211 119 -156 | 1497
7: 15320 -372 14831 -190 176 | 3322
8: 15463 -349 14807 -47 -37 | 1563
9: 15605 -88 15163 -95 152 | 3590
10: 15463 -88 14950 -142 -180 | 1309
11: 15628 -159 15092 -71 -204 | 1559
12: 15296 -40 14926 -190 -109 | 1144
13: 15344 -349 14807 -71 -252 | 1302
14: 15557 -277 15163 119 -61 | 2125
15: 15700 -207 15163 142 -37 | 2213
16: 15581 -349 14878 -166 -37 | 1476
17: 15439 -16 15092 119 -85 | 4808
18: 15439 -64 15163 -71 9 | 2231
19: 15605 -207 15163 190 -14 | 2409
20: 15463 -207 14997 -95 -109 | 1384
21: 15509 -349 14974 -47 57 | 1597
22: 15700 -420 15187 -142 -133 | 1200
23: 15700 -349 15163 -119 33 | 1442
24: 15628 -349 14974 -119 57 | 1565
25: 15272 -444 15139 0 200 | 3272
26: 15415 -207 14807 166 152 | 1863
27: 15248 -468 15116 0 -61 | 4168
28: 15248 -444 15020 214 -133 | 4040
29: 15439 -230 14807 -119 -61 | 1351
30: 15581 -444 15068 142 -85 | 4134
31: 15676 -64 14759 119 200 | 3518
32: 15509 -420 14997 71 9 | 4263
33: 15700 -159 15044 -95 105 | 1962
34: 15533 -301 15139 -166 176 | 1390
35: 15581 -183 14759 -47 -37 | 1735
36: 15439 -396 14831 95 200 | 3200
37: 15296 -183 14950 -190 -85 | 1435
38: 15700 -159 14783 -214 176 | 1496
39: 15367 -468 14831 166 200 | 3031
40: 15700 -253 14902 -71 -133 | 1345
41: 15628 -159 14974 142 -204 | 1479
42: 15676 -64 14878 71 9 | 5214
43: 15628 -111 15116 142 -37 | 2378
44: 15320 -111 15092 142 128 | 1954
45: 15533 -444 14950 142 -14 | 5082
46: 15700 -301 15044 -119 81 | 1505
47: 15652 -159 14759 190 -14 | 2432
48: 15296 -88 14926 214 -204 | 4251
49: 15486 -111 15163 -119 -180 | 1391
50: 15700 -468 15187 71 -37 | 4358
51: 15391 -325 14997 -95 81 | 1700
52: 15272 -325 14783 71 -180 | 1236
53: 15415 -420 15163 -71 -252 | 1357
54: 15700 -253 14950 190 -252 | 1448
55: 15486 -277 14926 -238 -133 | 1221
56: 15486 -16 15187 -238 -156 | 1119
57: 15415 -40 14997 166 152 | 3842
58: 15344 -230 14831 166 105 | 3440
59: 15676 -349 14974 -71 -156 | 1184
60: 15463 -325 14902 0 -156 | 1467
61: 15391 -468 14855 -95 33 | 2214
62: 15486 -88 14831 -238 -37 | 1022
63: 15439 -301 14926 190 128 | 1752
64: 15344 -111 14926 214 -156 | 1833
65: 15581 -40 14783 -142 152 | 4014
66: 15391 -349 14855 -142 105 | 1332
67: 15248 -230 14950 -119 -61 | 1286
68: 15533 -301 14878 142 -85 | 2018
69: 15581 -372 15092 71 81 | 3705
70: 15486 -40 14783 -23 152 | 3943
71: 15391 -88 14926 -71 -252 | 1542
72: 15367 -349 15163 -214 -37 | 1438
73: 15557 -444 15044 71 -109 | 3877
74: 15248 -349 15068 166 -228 | 1386
75: 15533 -207 15163 190 152 | 1833
76: 15533 -444 15116 71 -14 | 4575
77: 15344 -207 15187 47 200 | 1796
78: 15676 -253 14855 -47 -14 | 1650
79: 15581 -159 15020 190 -109 | 2211
80: 15486 -40 14831 119 128 | 3723
81: 15652 -277 15211 95 -109 | 1906
82: 15628 -40 14926 -166 33 | 1532
83: 15486 -277 14831 -47 33 | 2022
84: 15581 -16 14783 214 -85 | 5402
85: 15320 -349 14759 95 105 | 1920
86: 15676 -88 15068 -214 33 | 1310
87: 15272 -40 15044 -214 -133 | 1059
88: 15486 -253 14831 0 57 | 1896
89: 15415 -183 14783 -166 33 | 1566
90: 15557 -64 14831 -95 -61 | 1511
91: 15296 -253 14878 95 105 | 1812
92: 15248 -183 15044 -95 -109 | 1424
93: 15628 -301 15139 -47 -252 | 1194
94: 15272 -230 14997 -119 33 | 2286
95: 15320 -372 14855 142 -85 | 4265
96: 15652 -253 14878 -238 -85 | 1192
97: 15367 -396 15139 23 152 | 3633
98: 15509 -207 14807 119 152 | 1601
99: 15439 -207 15163 -142 9 | 1435

generation 43
0: 15486 -230 14997 0 -14 | 7032
1: 15672 -207 15066 -23 -200 | 1474
2: 15486 -369 15159 23 -130 | 1479
3: 15463 -462 15159 -23 -223 | 1826
4: 15393 -91 14881 -116 79 | 1725
5: 15602 -161 15066 -116 -223 | 1324
6: 15602 -207 14788 -23 -107 | 1504
7: 15254 -21 14974 93 -60 | 2433
8: 15509 -369 14858 -209 -60 | 1336
9: 15463 -230 14951 209 9 | 4792
10: 15277 -346 15206 186 -14 | 4764
11: 15555 -161 14835 186 -14 | 2546
12: 15370 -161 15066 -93 102 | 1797
13: 15509 -44 15090 -232 32 | 1215
14: 15602 -184 14974 209 55 | 4451
15: 15463 -253 15113 -23 -60 | 1777
16: 15417 -230 14881 -93 -246 | 1365
17: 15625 -184 14881 23 -14 | 4604
18: 15602 -91 15136 -23 79 | 2041
19: 15324 -462 14881 162 55 | 3998
20: 15648 -369 14881 186 -153 | 1798
21: 15486 -299 14881 162 125 | 1714
22: 15370 -91 15183 0 102 | 1739
23: 15486 -44 14928 116 -14 | 5526
24: 15463 -207 15183 -116 32 | 1588
25: 15370 -276 14858 0 172 | 3725
26: 15648 -21 14811 93 172 | 1793
27: 15672 -91 15159 -162 79 | 1496
28: 15393 -276 14997 139 195 | 3400
29: 15370 -21 15159 46 79 | 2136
30: 15695 -137 15159 186 195 | 1604
31: 15463 -392 14765 -93 55 | 3723
32: 15486 -114 14858 -139 -14 | 1295
33: 15579 -392 14904 -139 -107 | 1138
34: 15254 -230 15113 -162 172 | 3536
35: 15393 -276 15159 116 55 | 4250
36: 15347 -114 14928 -209 -130 | 1092
37: 15672 -392 14951 0 -37 | 5052
38: 15555 -462 14858 162 -130 | 4745
39: 15393 -369 14765 69 -60 | 2075
40: 15393 -346 15183 69 -246 | 3377
41: 15440 -207 14974 186 -83 | 2159
42: 15579 -137 14811 69 102 | 2089
43: 15417 -207 14997 -69 -200 | 1363
44: 15509 -184 15090 -46 -223 | 1830
45: 15509 -137 14881 23 195 | 1684
46: 15555 -230 15159 -162 102 | 3306
47: 15648 -369 14928 186 79 | 2010
48: 15579 -184 14951 -46 -130 | 1890
49: 15324 -299 14974 -93 -107 | 1486
50: 15324 -68 15183 162 -130 | 4385
51: 15509 -253 15043 162 32 | 2298
52: 15509 -416 15090 -46 -107 | 1883
53: 15486 -44 14811 162 125 | 3291
54: 15625 -207 14974 -139 9 | 1493
55: 15579 -21 15183 116 -130 | 1990
56: 15625 -44 15113 93 125 | 4263
57: 15254 -68 15159 46 79 | 3871
58: 15277 -91 14974 139 -153 | 1685
59: 15417 -323 15090 -23 -176 | 1323
60: 15509 -346 14904 -232 -223 | 1023
61: 15463 -323 15043 209 -200 | 1858
62: 15486 -114 14765 -116 -37 | 1467
63: 15440 -68 15183 162 -14 | 5394
64: 15370 -21 15183 93 102 | 1687
65: 15579 -439 15066 -23 -200 | 1313
66: 15440 -462 15206 93 -246 | 3682
67: 15254 -114 15183 -139 79 | 3934
68: 15254 -137 14974 69 195 | 1656
69: 15486 -161 15159 -46 9 | 1832
70: 15695 -161 14997 162 -83 | 2260
71: 15648 -207 14765 0 -246 | 1328
72: 15300 -44 14765 -209 -153 | 1034
73: 15532 -161 15206 23 172 | 1749
74: 15555 -392 15043 93 125 | 3785
75: 15347 -369 14811 -209 -153 | 1165
76: 15555 -462 15183 116 -37 | 4531
77: 15648 -184 14765 186 -200 | 4260
78: 15277 -184 15043 69 -107 | 4944
79: 15625 -323 15020 -69 148 | 1559
80: 15463 -462 14765 93 -107 | 4529
81: 15463 -44 14997 23 9 | 4906
82: 15579 -91 15020 -139 9 | 1411
83: 15532 -416 14835 46 32 | 4162
84: 15648 -346 15136 -23 195 | 3339
85: 15300 -68 14881 93 -153 | 5087
86: 15579 -114 15136 -93 -223 | 1474
87: 15300 -299 15206 -139 -14 | 1338
88: 15486 -230 14904 69 102 | 4024
89: 15463 -346 14974 46 -14 | 4578
90: 15555 -439 15113 -209 -14 | 1124
91: 15393 -369 15206 23 -14 | 2239
92: 15324 -68 15159 209 125 | 4119
93: 15695 -439 14835 0 148 | 1606
94: 15579 -439 14951 46 -107 | 1578
95: 15324 -416 15043 -139 79 | 2871
96: 15579 -253 14951 -23 -14 | 1913
97: 15486 -91 14904 0 195 | 1790
98: 15440 -161 14974 -93 55 | 1889
99: 15370 -68 14904 -46 -83 | 2280

generation 44
0: 15486 -230 14997 0 -14 | 7188
1: 15373 -275 14838 22 -36 | 2512
2: 15576 -298 14997 -181 -195 | 1014
3: 15282 -366 15110 -204 -150 | 1051
4: 15645 -140 14997 -113 -59 | 1499
5: 15531 -71 14952 -204 -36 | 1513
6: 15531 -411 14884 -90 190 | 1246
7: 15396 -389 14929 0 99 | 1785
8: 15464 -94 15087 22 167 | 3607
9: 15622 -185 15110 -159 76 | 1398
10: 15690 -457 14952 -204 -104 | 1205
11: 15464 -162 15110 159 99 | 3676
12: 15373 -434 14975 0 -82 | 3686
13: 15441 -94 14816 -45 167 | 3533
14: 15645 -71 15110 -159 -59 | 1344
15: 15373 -457 14770 -227 -173 | 1336
16: 15396 -26 14861 -68 31 | 4209
17: 15305 -94 14907 -22 -127 | 2283
18: 15554 -140 14907 90 122 | 3602
19: 15554 -411 14884 113 -195 | 1314
20: 15327 -343 15019 0 -59 | 1591
21: 15508 -94 14770 45 -59 | 5466
22: 15622 -230 14952 45 145 | 3797
23: 15259 -320 14884 181 99 | 3507
24: 15486 -389 14997 136 145 | 1711
25: 15667 -434 14770 113 145 | 3739
26: 15576 -208 15087 -90 -218 | 1337
27: 15576 -71 14975 113 -218 | 1273
28: 15667 -389 14861 181 99 | 1830
29: 15282 -230 14793 204 -218 | 3795
30: 15622 -252 14861 181 167 | 3838
31: 15305 -252 15201 90 -150 | 4286
32: 15441 -275 15110 -181 -104 | 1356
33: 15464 -71 14861 181 -150 | 1831
34: 15645 -275 14929 -204 167 | 1426
35: 15576 -117 14975 -68 76 | 1876
36: 15486 -389 15110 90 76 | 1963
37: 15554 -94 15110 -113 -14 | 1403
38: 15690 -162 15019 -68 122 | 4225
39: 15645 -275 14884 68 167 | 1605
40: 15464 -208 14929 -45 -150 | 1973
41: 15373 -411 15019 -90 -36 | 1491
42: 15645 -275 14861 68 -173 | 1265
43: 15486 -49 15019 -113 -173 | 1415
44: 15576 -71 14975 159 122 | 1932
45: 15645 -140 14861 -181 -59 | 1096
46: 15305 -389 15019 -204 -173 | 1071
47: 15418 -26 14884 204 -127 | 4100
48: 15396 -94 15087 -181 -218 | 1125
49: 15464 -162 15042 45 -14 | 5440
50: 15418 -320 15201 136 -173 | 4307
51: 15599 -162 14997 204 -82 | 4377
52: 15486 -140 14997 68 99 | 3734
53: 15554 -457 15087 0 8 | 2135
54: 15531 -275 14770 -90 8 | 1556
55: 15282 -117 15133 -113 190 | 1828
56: 15667 -162 14907 181 -36 | 5114
57: 15282 -162 15110 22 -127 | 4240
58: 15305 -434 15019 -113 -104 | 1345
59: 15396 -230 14929 68 -218 | 3994
60: 15486 -343 14975 0 -173 | 1334
61: 15531 -185 14997 -227 -36 | 1291
62: 15464 -26 14816 113 -36 | 4976
63: 15350 -252 15087 204 -241 | 3881
64: 15508 -162 15087 -181 167 | 3665
65: 15259 -252 14975 204 -195 | 4315
66: 15305 -230 15201 -159 -241 | 1178
67: 15305 -94 14861 45 -59 | 5436
68: 15576 -434 14929 136 -36 | 4148
69: 15441 -185 15178 -159 8 | 1447
70: 15486 -140 14884 -136 -36 | 1282
71: 15599 -71 15178 -136 -59 | 1454
72: 15531 -320 15178 -159 -14 | 1168
73: 15508 -343 15178 -68 -36 | 1519
74: 15396 -434 14997 -90 -14 | 1461
75: 15690 -140 14816 -22 -36 | 3113
76: 15396 -457 14861 -159 122 | 1518
77: 15554 -49 14884 -159 -173 | 1231
78: 15576 -298 14793 45 -14 | 5042
79: 15508 -117 14929 -204 -173 | 1235
80: 15622 -275 15133 -90 76 | 1751
81: 15667 -49 14770 -204 190 | 1535
82: 15486 -26 15201 -90 -195 | 1601
83: 15441 -208 14770 68 76 | 4248
84: 15599 -298 15065 159 31 | 4435
85: 15327 -457 14929 -181 76 | 1253
86: 15305 -49 14816 204 122 | 1772
87: 15441 -71 15087 -45 -14 | 1741
88: 15576 -49 14975 -113 -150 | 1345
89: 15327 -162 15110 136 -82 | 4908
90: 15282 -389 15087 90 31 | 2096
91: 15667 -252 14884 -90 8 | 1694
92: 15690 -275 14975 -204 190 | 1453
93: 15396 -252 15156 45 145 | 3301
94: 15690 -320 15133 -204 -150 | 1129
95: 15259 -366 15156 -45 31 | 4302
96: 15622 -252 15133 22 -150 | 3550
97: 15441 -434 15065 -113 -82 | 1340
98: 15373 -366 14952 -90 -127 | 1428
99: 15690 -185 14907 136 -127 | 1854

generation 45
0: 15486 -230 14997 0 -14 | 6342
1: 15508 -363 15197 66 119 | 1793
2: 15686 -430 14975 88 52 | 3836
3: 15286 -430 15063 44 186 | 3579
4: 15264 -296 15019 -66 -36 | 1852
5: 15331 -452 14775 -222 74 | 1613
6: 15530 -186 15019 -111 -191 | 1306
7: 15619 -274 15174 133 -214 | 4388
8: 15597 -119 15085 -133 -214 | 1409
9: 15420 -75 15085 -222 -14 | 1307
10: 15552 -186 14975 133 186 | 3507
11: 15663 -30 15019 177 8 | 5146
12: 15663 -407 15108 -22 -80 | 1391
13: 15641 -53 14953 133 74 | 2124
14: 15464 -385 14797 -133 -80 | 1146
15: 15574 -208 15130 -222 -147 | 949
16: 15398 -341 14953 111 -191 | 1296
17: 15442 -164 15063 22 -169 | 3849
18: 15641 -252 14886 44 186 | 3447
19: 15375 -230 15152 66 163 | 3409
20: 15331 -142 14797 133 163 | 3574
21: 15264 -230 14820 133 -191 | 4008
22: 15663 -385 14931 -88 -14 | 1552
23: 15286 -318 14864 111 163 | 3423
24: 15420 -363 14931 -111 119 | 1345
25: 15663 -230 15174 -66 97 | 3740
26: 15619 -230 14975 -22 163 | 3872
27: 15264 -430 14953 -177 163 | 3142
28: 15309 -452 15063 0 163 | 3469
29: 15331 -208 14886 200 163 | 4225
30: 15331 -30 14820 0 -147 | 3057
31: 15686 -430 14909 -22 -58 | 2773
32: 15286 -53 15019 -177 -80 | 1338
33: 15464 -407 14797 0 -147 | 1282
34: 15686 -186 15130 -133 -191 | 1217
35: 15420 -30 14909 44 186 | 3284
36: 15353 -119 14997 -66 141 | 1745
37: 15574 -53 15174 44 186 | 1781
38: 15686 -341 15152 0 -80 | 1592
39: 15641 -30 14997 177 -214 | 4249
40: 15398 -252 15085 111 -125 | 4555
41: 15442 -407 14864 88 -102 | 2183
42: 15597 -30 14797 -111 163 | 3896
43: 15486 -208 15130 -200 -169 | 1074
44: 15420 -452 14775 -111 -14 | 1231
45: 15264 -142 14797 -177 30 | 1411
46: 15331 -274 15063 155 97 | 3468
47: 15663 -75 14975 -177 30 | 1409
48: 15597 -230 15019 -44 97 | 3664
49: 15464 -30 14931 155 -236 | 4646
50: 15309 -363 15041 111 -214 | 1406
51: 15574 -119 15108 111 141 | 1678
52: 15686 -230 15152 44 186 | 3626
53: 15375 -230 15152 88 -125 | 4889
54: 15464 -230 14931 -222 163 | 3378
55: 15309 -430 14975 -200 163 | 2932
56: 15286 -363 15085 66 8 | 2137
57: 15619 -296 14909 22 97 | 3625
58: 15597 -208 14886 44 97 | 4015
59: 15641 -75 15174 88 30 | 2467
60: 15597 -385 15085 -177 97 | 1350
61: 15353 -363 14953 88 163 | 1627
62: 15398 -296 14820 44 -214 | 3587
63: 15552 -274 14775 22 30 | 4302
64: 15597 -318 15108 66 163 | 3499
65: 15309 -230 14953 -222 119 | 3052
66: 15530 -119 15019 177 141 | 1841
67: 15663 -407 15085 -88 -58 | 1418
68: 15530 -186 15130 -88 119 | 3967
69: 15641 -208 15152 -22 -191 | 2112
70: 15464 -75 14775 133 -14 | 2250
71: 15486 -53 15041 177 8 | 2415
72: 15264 -407 14909 22 -236 | 1269
73: 15619 -252 14842 -177 97 | 2974
74: 15331 -318 15197 200 30 | 4907
75: 15597 -274 15108 44 163 | 3270
76: 15464 -164 14931 -22 -214 | 2076
77: 15641 -208 14775 -200 -14 | 986
78: 15508 -430 14864 -22 -147 | 2234
79: 15375 -75 14886 -222 186 | 1456
80: 15264 -385 14886 22 -169 | 1481
81: 15464 -318 14842 -133 8 | 1338
82: 15552 -341 15130 -222 74 | 1191
83: 15663 -75 14909 0 -14 | 2264
84: 15442 -164 14842 44 74 | 3377
85: 15420 -252 15041 44 -36 | 4776
86: 15331 -363 15063 -200 97 | 1460
87: 15442 -230 15085 22 -80 | 4972
88: 15641 -341 15041 -111 -125 | 1396
89: 15686 -119 15108 -111 -125 | 1442
90: 15641 -341 14997 -200 -36 | 1349
91: 15375 -452 15197 -22 -125 | 2318
92: 15442 -186 14797 -200 -125 | 1092
93: 15464 -430 15130 -155 52 | 2167
94: 15331 -186 14997 -66 141 | 3291
95: 15420 -318 15063 -177 -169 | 1142
96: 15486 -186 14953 66 -125 | 4960
97: 15663 -230 14886 155 186 | 3629
98: 15309 -75 14842 -133 8 | 1686
99: 15464 -164 15041 155 -58 | 4711

generation 46
0: 15486 -230 14997 0 -14 | 6347
1: 15400 -187 14911 43 -166 | 1496
2: 15616 -338 14889 -130 -166 | 1260
3: 15400 -447 14889 -195 29 | 1310
4: 15269 -251 15105 -86 -166 | 1137
5: 15529 -360 14867 -173 -100 | 1127
6: 15378 -273 14976 108 181 | 1766
7: 15313 -165 15018 -43 -122 | 1439
8: 15400 -100 14997 -130 -231 | 1250
9: 15551 -403 14802 21 -144 | 1200
10: 15378 -209 14889 -217 -35 | 1432
11: 15443 -338 15062 65 181 | 3152
12: 15681 -57 14954 -217 -122 | 1189
13: 15681 -403 15170 -173 -166 | 1177
14: 15594 -273 15192 152 -144 | 1758
15: 15269 -382 14932 65 72 | 3598
16: 15334 -57 15149 -43 7 | 2106
17: 15400 -100 15127 21 -209 | 2855
18: 15421 -403 15018 -65 -187 | 1337
19: 15616 -316 15149 -86 -57 | 1504
20: 15269 -425 14976 195 7 | 2427
21: 15551 -209 15083 43 -144 | 1537
22: 15269 -295 15105 152 94 | 1970
23: 15400 -122 14867 86 -100 | 5115
24: 15638 -165 14780 -21 -209 | 1380
25: 15313 -338 15192 21 -144 | 3700
26: 15269 -209 15149 -21 -166 | 1368
27: 15443 -144 15083 86 181 | 3263
28: 15507 -144 14911 -86 -166 | 1490
29: 15572 -360 15170 173 -14 | 5070
30: 15616 -122 14845 -43 116 | 4010
31: 15616 -209 14824 130 72 | 1940
32: 15400 -100 14911 108 138 | 3406
33: 15465 -360 14845 108 159 | 3395
34: 15572 -57 14889 -195 116 | 1391
35: 15443 -122 14780 195 -122 | 3971
36: 15486 -295 15040 -86 116 | 1595
37: 15465 -403 15192 -152 -14 | 1297
38: 15551 -425 15170 21 116 | 1618
39: 15421 -187 15040 21 -57 | 1640
40: 15334 -338 14911 -43 159 | 3172
41: 15594 -273 14889 108 181 | 1637
42: 15486 -57 15192 108 116 | 1837
43: 15594 -360 14997 -86 181 | 3237
44: 15291 -209 14780 195 -166 | 1786
45: 15443 -295 15105 -195 -14 | 1414
46: 15594 -100 14932 86 116 | 3591
47: 15659 -251 14867 -152 116 | 1378
48: 15616 -144 14911 108 -209 | 4457
49: 15313 -403 14889 65 -231 | 1259
50: 15616 -316 15018 -43 -122 | 1975
51: 15572 -100 14867 -173 -35 | 1129
52: 15400 -78 14889 -86 -166 | 1381
53: 15291 -360 15040 173 -79 | 4372
54: 15291 -316 15062 -65 -209 | 1622
55: 15572 -230 15105 21 94 | 3870
56: 15594 -295 14802 173 94 | 1943
57: 15659 -338 14867 108 181 | 3141
58: 15378 -425 15127 21 -79 | 1377
59: 15529 -360 15018 130 -187 | 3741
60: 15507 -78 14954 -130 -122 | 1331
61: 15291 -35 14932 -43 -14 | 1839
62: 15572 -122 14997 108 72 | 4310
63: 15638 -338 15018 -195 -231 | 1045
64: 15486 -295 14824 173 -14 | 2129
65: 15291 -230 15083 -108 -79 | 1377
66: 15465 -100 14867 -21 29 | 5417
67: 15291 -382 15018 -43 7 | 2704
68: 15572 -403 14932 -130 -35 | 1467
69: 15551 -165 15105 130 94 | 2087
70: 15594 -316 15083 -21 -144 | 2295
71: 15616 -209 14932 0 116 | 1944
72: 15572 -209 14867 0 -209 | 1246
73: 15616 -187 14867 -217 29 | 1250
74: 15421 -316 15105 -86 -14 | 1531
75: 15616 -35 15105 21 94 | 1874
76: 15313 -295 15062 130 116 | 1735
77: 15659 -360 15192 152 -79 | 3916
78: 15421 -209 15170 21 51 | 1886
79: 15507 -447 14889 -65 29 | 1750
80: 15486 -122 15170 152 -209 | 4068
81: 15269 -165 15062 108 -122 | 1685
82: 15269 -57 14867 86 -100 | 2154
83: 15529 -187 15018 43 -35 | 2275
84: 15659 -35 15040 -43 -166 | 1223
85: 15638 -447 15105 -152 -79 | 1295
86: 15421 -338 15083 -108 -187 | 1294
87: 15616 -338 15105 -21 29 | 4459
88: 15529 -251 14997 130 94 | 1694
89: 15638 -251 15192 -217 51 | 1198
90: 15269 -230 15040 43 159 | 3960
91: 15421 -230 14997 -173 -122 | 1054
92: 15486 -425 14997 -130 -100 | 1260
93: 15529 -187 14845 195 -209 | 1551
94: 15616 -187 14845 -86 -57 | 1392
95: 15659 -122 14976 173 -79 | 5021
96: 15313 -57 15149 -65 -166 | 1509
97: 15443 -144 14889 0 -35 | 5646
98: 15486 -447 14997 43 -122 | 1336
99: 15465 -100 15149 -130 -79 | 1304

generation 47
0: 15486 -230 14997 0 -14 | 6692
1: 15677 -400 14912 -63 -77 | 1739
2: 15338 -209 14827 42 -141 | 1591
3: 15380 -230 14955 106 -35 | 5272
4: 15359 -378 15145 -63 -35 | 1963
5: 15274 -400 15039 -42 28 | 4527
6: 15359 -272 14891 -63 92 | 3376
7: 15423 -39 14997 85 -99 | 1898
8: 15634 -82 14976 21 -205 | 3212
9: 15571 -272 15018 85 -162 | 4163
10: 15274 -60 15167 170 -99 | 4486
11: 15423 -60 14785 191 177 | 3880
12: 15359 -124 14934 -21 92 | 3617
13: 15592 -251 15082 148 92 | 1940
14: 15528 -145 14870 -191 134 | 1459
15: 15401 -124 14891 148 -14 | 5288
16: 15444 -60 14785 191 -56 | 4307
17: 15401 -315 15167 -85 156 | 1488
18: 15634 -209 15060 148 28 | 2060
19: 15444 -188 14806 85 -205 | 4098
20: 15444 -315 15103 63 -56 | 1948
21: 15359 -39 15103 -21 113 | 1885
22: 15634 -251 14912 170 -56 | 1968
23: 15401 -103 15103 -106 -162 | 1359
24: 15380 -145 14912 0 -162 | 1373
25: 15486 -209 15103 -127 -120 | 1388
26: 15444 -188 14870 106 -120 | 4291
27: 15528 -39 14870 191 -56 | 2342
28: 15549 -82 15167 191 -77 | 4375
29: 15401 -60 14849 63 -162 | 4387
30: 15656 -60 14976 127 -205 | 4735
31: 15549 -293 15039 -212 7 | 1320
32: 15634 -251 14849 -191 -141 | 1203
33: 15465 -336 14870 -106 134 | 3667
34: 15528 -60 15082 -170 -14 | 1269
35: 15549 -421 14955 127 71 | 1974
36: 15338 -124 14891 42 -162 | 4152
37: 15401 -82 14997 170 156 | 3406
38: 15549 -293 15188 148 -205 | 1463
39: 15338 -60 15167 191 -162 | 4172
40: 15592 -357 15082 -191 -99 | 1155
41: 15359 -145 14934 -127 -162 | 1293
42: 15571 -293 14997 21 7 | 2235
43: 15549 -251 14976 -127 177 | 1498
44: 15677 -251 14912 170 -99 | 2040
45: 15677 -167 15124 170 49 | 2249
46: 15274 -336 15145 -85 -77 | 1459
47: 15592 -230 15060 106 71 | 4041
48: 15613 -421 15060 -85 28 | 1753
49: 15359 -442 15060 -106 113 | 3291
50: 15528 -357 14891 170 71 | 1955
51: 15359 -60 14955 -212 -56 | 1059
52: 15549 -188 15060 -170 156 | 3710
53: 15274 -251 14955 -85 -141 | 1558
54: 15571 -400 15145 191 -35 | 5530
55: 15295 -357 14806 85 -205 | 1213
56: 15634 -315 15167 -170 -120 | 1230
57: 15359 -315 15103 -127 177 | 1502
58: 15338 -82 15018 -42 7 | 2511
59: 15486 -421 14806 0 -77 | 1572
60: 15634 -82 14976 106 113 | 3895
61: 15486 -103 15039 21 7 | 2796
62: 15571 -272 15145 -127 -162 | 1166
63: 15571 -272 14806 -191 49 | 1699
64: 15274 -103 14827 -127 -120 | 1287
65: 15571 -315 14912 106 113 | 1724
66: 15549 -188 14891 85 177 | 3419
67: 15316 -336 15124 -85 113 | 3969
68: 15423 -188 15145 127 113 | 3851
69: 15274 -378 15145 63 -141 | 4223
70: 15486 -315 14806 42 -14 | 2263
71: 15401 -60 15124 -127 -120 | 1340
72: 15359 -82 15167 -170 -162 | 1202
73: 15634 -103 14955 -106 -184 | 1210
74: 15634 -357 14934 85 -205 | 1334
75: 15338 -315 14870 42 177 | 1639
76: 15444 -400 14891 -191 -77 | 1015
77: 15423 -293 15145 106 7 | 2494
78: 15338 -442 14785 -191 -184 | 1137
79: 15359 -230 14997 -127 -56 | 1277
80: 15528 -421 15039 191 -77 | 2191
81: 15549 -124 15060 -21 -77 | 2791
82: 15380 -230 14827 -170 7 | 1078
83: 15295 -230 15018 170 -120 | 4591
84: 15571 -421 15145 -63 71 | 1812
85: 15507 -378 15145 -191 -77 | 1006
86: 15380 -145 14806 148 -120 | 2090
87: 15444 -378 15039 85 -141 | 3905
88: 15274 -39 14912 -170 -205 | 1326
89: 15486 -124 14849 63 49 | 3784
90: 15295 -293 14934 170 -99 | 1948
91: 15295 -230 14976 0 -162 | 2694
92: 15465 -124 14976 -170 -120 | 1087
93: 15592 -230 14785 -63 113 | 3433
94: 15359 -39 14934 -148 49 | 1611
95: 15295 -167 14955 -127 -99 | 1368
96: 15571 -336 14891 -191 113 | 3719
97: 15528 -400 14912 63 49 | 3696
98: 15465 -145 14785 191 113 | 1921
99: 15380 -315 15188 148 -120 | 1974

generation 48
0: 15486 -230 14997 0 -14 | 7777
1: 15341 -85 14935 -187 6 | 1501
2: 15631 -85 14997 -41 48 | 2251
3: 15652 -355 15080 187 -55 | 2212
4: 15569 -105 15038 0 -118 | 1472
5: 15590 -168 14997 41 6 | 5428
6: 15548 -189 15163 41 173 | 1793
7: 15466 -271 14956 -41 -201 | 1227
8: 15673 -313 14997 -166 -97 | 1306
9: 15341 -189 14831 -20 6 | 2122
10: 15320 -375 14789 104 69 | 2052
11: 15382 -396 14935 104 -97 | 4218
12: 15506 -250 15163 -20 48 | 4245
13: 15466 -230 15059 166 173 | 3695
14: 15569 -250 15142 -125 -159 | 1250
15: 15341 -438 15122 145 -34 | 4809
16: 15424 -43 15059 -62 -97 | 1472
17: 15424 -355 14956 -83 -222 | 1212
18: 15590 -250 14810 62 -14 | 4537
19: 15569 -375 14810 -208 48 | 1346
20: 15278 -147 14831 145 6 | 2415
21: 15403 -189 15017 -166 -34 | 1397
22: 15527 -417 14956 -104 -201 | 1240
23: 15590 -355 14893 104 -159 | 1347
24: 15631 -230 14872 0 111 | 3318
25: 15590 -85 15184 125 131 | 1743
26: 15361 -105 15017 -83 -118 | 1293
27: 15569 -355 14977 145 152 | 1638
28: 15652 -230 14789 166 -76 | 4491
29: 15548 -334 15038 166 -201 | 4008
30: 15424 -271 14852 20 152 | 1738
31: 15673 -313 15101 0 -180 | 1484
32: 15527 -147 14997 125 48 | 1986
33: 15424 -396 15142 125 -222 | 4159
34: 15611 -313 14997 -41 131 | 1668
35: 15631 -417 15080 -187 6 | 1323
36: 15590 -438 15184 20 27 | 4018
37: 15486 -230 14997 -104 -201 | 1424
38: 15382 -230 15101 104 152 | 3870
39: 15445 -126 14789 166 -159 | 4528
40: 15278 -147 14997 -166 -180 | 1476
41: 15673 -189 14852 62 48 | 1997
42: 15403 -417 15080 -83 27 | 1540
43: 15652 -105 14831 -41 48 | 2057
44: 15590 -168 15101 -145 -201 | 1226
45: 15548 -375 14956 -83 -201 | 1366
46: 15506 -64 14935 62 -201 | 4246
47: 15299 -189 15059 125 152 | 1590
48: 15652 -375 15184 -125 -34 | 1387
49: 15506 -396 15142 -104 -159 | 1304
50: 15320 -168 14956 0 111 | 3506
51: 15299 -375 15184 -20 -201 | 1311
52: 15548 -168 14789 -208 -97 | 1021
53: 15299 -147 15017 -83 -14 | 1766
54: 15466 -355 15059 -41 -34 | 1659
55: 15569 -210 14852 -145 -55 | 1265
56: 15652 -313 14810 187 -55 | 1970
57: 15466 -189 14852 -20 -180 | 1476
58: 15382 -147 14935 -104 69 | 1759
59: 15548 -64 14789 125 -139 | 5052
60: 15506 -334 14956 125 -118 | 4241
61: 15466 -375 15122 -104 -97 | 1273
62: 15382 -375 14872 166 69 | 1749
63: 15527 -271 14935 125 -34 | 2426
64: 15299 -417 14852 -41 152 | 1503
65: 15466 -168 14956 0 -14 | 6879
66: 15527 -168 14935 41 -34 | 5512
67: 15548 -147 15038 -20 173 | 1471
68: 15506 -313 15080 -62 131 | 1699
69: 15466 -438 14893 -41 -55 | 2240
70: 15569 -250 14810 -20 -34 | 3266
71: 15673 -64 14831 -62 -222 | 1544
72: 15361 -210 15059 41 90 | 4073
73: 15590 -334 14977 187 -97 | 4383
74: 15278 -230 15059 104 152 | 3847
75: 15320 -105 14997 -62 -139 | 1438
76: 15652 -168 14893 187 69 | 4023
77: 15569 -230 15038 -41 -34 | 2172
78: 15382 -168 15038 0 -118 | 3016
79: 15424 -334 14997 145 -118 | 4498
80: 15611 -85 14935 -187 -139 | 1192
81: 15382 -375 14789 -62 -180 | 1305
82: 15611 -334 14935 62 111 | 3400
83: 15299 -292 15163 -83 -55 | 1604
84: 15673 -210 14810 20 -201 | 3385
85: 15403 -43 15184 -41 111 | 1831
86: 15361 -105 14893 -145 -14 | 1376
87: 15486 -417 15059 -166 -55 | 1303
88: 15445 -210 14914 104 111 | 3736
89: 15320 -85 15122 62 -159 | 1357
90: 15361 -189 14914 -104 -139 | 1166
91: 15424 -375 14852 166 6 | 2454
92: 15506 -396 14935 -41 152 | 3051
93: 15631 -64 15184 -145 48 | 2225
94: 15424 -210 15122 62 -97 | 4854
95: 15527 -271 15101 -41 -201 | 1262
96: 15652 -189 14893 125 131 | 1652
97: 15466 -105 14789 -125 69 | 1503
98: 15341 -292 14977 -145 111 | 3538
99: 15424 -438 14914 -83 90 | 3550

generation 49
0: 15486 -230 14997 0 -14 | 6562
1: 15364 -190 14936 -183 -75 | 1097
2: 15446 -190 15099 -163 108 | 3065
3: 15588 -332 14957 -102 -54 | 1430
4: 15588 -169 14997 -20 26 | 2728
5: 15608 -230 14997 142 -116 | 4063
6: 15344 -291 15180 122 -136 | 1722
7: 15628 -190 15119 142 -95 | 4586
8: 15588 -88 15160 -163 26 | 1467
9: 15405 -88 15139 -61 88 | 4148
10: 15384 -393 14793 102 -156 | 1369
11: 15547 -210 14895 102 -197 | 4743
12: 15486 -230 14957 -20 -75 | 2769
13: 15526 -67 15017 -204 -75 | 1315
14: 15466 -291 14895 183 -34 | 2404
15: 15628 -311 15160 81 47 | 2045
16: 15384 -434 14936 163 -75 | 3916
17: 15486 -372 15017 102 149 | 3099
18: 15364 -88 14977 40 -95 | 5490
19: 15446 -108 15119 20 -54 | 5862
20: 15364 -413 15099 -20 -218 | 1386
21: 15608 -311 15160 -81 -218 | 1388
22: 15344 -190 15037 0 -14 | 6433
23: 15526 -434 15058 -142 -75 | 1192
24: 15344 -291 14875 40 6 | 2496
25: 15323 -434 15180 183 -136 | 3714
26: 15425 -372 14895 81 -136 | 4901
27: 15628 -230 14997 122 108 | 3913
28: 15323 -47 14793 -61 -14 | 1763
29: 15323 -47 14834 -61 -177 | 1329
30: 15486 -210 14814 -81 -156 | 1562
31: 15526 -250 15119 20 -218 | 2804
32: 15282 -230 15099 142 -136 | 4051
33: 15669 -149 15078 -183 -14 | 1348
34: 15486 -372 14834 -142 -177 | 1188
35: 15364 -332 14814 -81 47 | 4273
36: 15588 -270 14875 122 88 | 3715
37: 15669 -434 14875 -61 6 | 2065
38: 15608 -47 15058 20 108 | 1883
39: 15628 -230 15017 20 -156 | 3941
40: 15547 -149 15160 -61 128 | 1505
41: 15303 -210 14834 -163 149 | 3613
42: 15425 -67 14916 20 -95 | 1614
43: 15547 -372 14936 -20 -14 | 3243
44: 15486 -332 14997 -122 108 | 3364
45: 15405 -169 15160 -20 -116 | 1383
46: 15303 -128 15017 40 -177 | 4042
47: 15282 -169 14916 81 -75 | 2225
48: 15364 -393 14895 -163 -116 | 1285
49: 15364 -270 14957 -142 128 | 3392
50: 15669 -332 15099 -183 -34 | 1051
51: 15344 -47 14855 81 -34 | 2083
52: 15282 -128 15119 -142 -75 | 1209
53: 15486 -372 15037 122 128 | 3258
54: 15282 -190 15017 142 -75 | 5104
55: 15628 -413 15099 142 108 | 1638
56: 15364 -270 14834 183 -34 | 5470
57: 15506 -128 14977 -81 -34 | 1644
58: 15486 -67 15119 163 -197 | 1316
59: 15608 -270 15119 -40 128 | 3649
60: 15405 -270 14814 -20 149 | 3560
61: 15446 -311 15180 -142 108 | 1594
62: 15608 -434 14875 163 6 | 4586
63: 15405 -413 14916 -61 -218 | 1228
64: 15588 -88 14997 40 -75 | 6149
65: 15364 -270 15099 -204 -54 | 963
66: 15364 -67 14977 -81 -54 | 1549
67: 15425 -149 14916 -81 -14 | 1637
68: 15323 -149 14834 183 -136 | 2136
69: 15547 -332 15160 -204 26 | 1080
70: 15486 -291 14814 -204 6 | 1307
71: 15446 -108 15017 102 -34 | 4841
72: 15282 -190 14936 -20 149 | 3491
73: 15588 -108 14875 81 67 | 4721
74: 15405 -108 14814 -40 -75 | 2249
75: 15628 -149 15037 102 -95 | 2379
76: 15608 -88 15058 142 -14 | 5581
77: 15628 -88 14916 -40 -116 | 2190
78: 15588 -434 15139 -142 -34 | 1201
79: 15425 -230 15139 20 -136 | 3773
80: 15364 -230 15058 -102 -14 | 1478
81: 15282 -393 14875 -102 -14 | 1448
82: 15323 -413 14936 -40 6 | 2005
83: 15466 -332 14793 122 -116 | 4354
84: 15384 -210 14916 -163 -95 | 1201
85: 15588 -413 15139 -102 47 | 1570
86: 15547 -250 15099 163 67 | 4276
87: 15384 -47 14957 -163 108 | 1347
88: 15486 -352 14977 0 26 | 4018
89: 15282 -47 14977 61 88 | 2054
90: 15588 -67 15180 -183 47 | 1556
91: 15384 -270 15078 81 47 | 3716
92: 15669 -434 14834 81 149 | 3344
93: 15446 -190 14977 142 67 | 4430
94: 15384 -291 14997 102 -34 | 2233
95: 15588 -291 14977 -122 -218 | 1281
96: 15364 -210 15017 -142 26 | 1608
97: 15364 -413 15058 0 88 | 1743
98: 15405 -393 15099 -20 -54 | 1684
99: 15405 -250 14793 102 -95 | 5207

generation 50
0: 15486 -230 14997 0 -14 | 6985
1: 15346 -430 15097 -200 -94 | 1036
2: 15326 -170 15077 120 -94 | 4610
3: 15466 -330 15077 -180 26 | 1246
4: 15546 -350 14797 160 -114 | 4166
5: 15626 -130 15137 120 -94 | 5213
6: 15346 -430 14897 60 -74 | 4114
7: 15566 -270 14797 -20 -214 | 1953
8: 15406 -210 15077 40 166 | 3573
9: 15526 -410 14877 160 -174 | 4077
10: 15466 -210 15157 -20 -34 | 3166
11: 15586 -310 15117 40 66 | 4237
12: 15326 -130 15077 180 -214 | 3967
13: 15566 -330 14977 80 -74 | 4924
14: 15466 -190 14997 100 -134 | 4890
15: 15486 -50 14897 80 126 | 3556
16: 15666 -370 14797 -20 46 | 3821
17: 15466 -350 15017 140 106 | 3212
18: 15406 -210 14877 40 6 | 4956
19: 15606 -70 14957 -100 26 | 2454
20: 15586 -290 15117 -80 66 | 4277
21: 15526 -110 15077 140 -14 | 5217
22: 15346 -270 14917 -120 126 | 3575
23: 15666 -330 14817 -160 -154 | 1144
24: 15486 -270 15077 80 46 | 4415
25: 15386 -230 15017 80 -54 | 5399
26: 15366 -410 14937 40 -74 | 4883
27: 15546 -330 14857 180 66 | 4140
28: 15406 -370 15097 40 -74 | 4619
29: 15526 -370 14877 -80 -114 | 1430
30: 15426 -270 14917 -160 66 | 2665
31: 15666 -50 14877 0 -114 | 3263
32: 15366 -310 14937 -140 166 | 3537
33: 15566 -250 15117 0 -54 | 4313
34: 15486 -110 15017 -100 -214 | 1464
35: 15486 -230 14857 100 -54 | 4974
36: 15286 -390 15117 -80 106 | 3807
37: 15326 -90 15117 160 -54 | 5209
38: 15546 -370 15077 -200 146 | 3466
39: 15386 -290 14937 -180 126 | 3552
40: 15606 -350 14897 180 -194 | 4259
41: 15386 -230 15017 -200 126 | 3337
42: 15506 -430 15017 180 -74 | 4501
43: 15446 -410 14877 120 -214 | 4054
44: 15366 -250 15097 20 -14 | 5646
45: 15546 -270 14977 60 -174 | 4264
46: 15406 -410 14917 20 -214 | 2745
47: 15426 -270 14837 20 -54 | 5409
48: 15666 -150 14957 20 66 | 4212
49: 15426 -210 14937 -120 -74 | 1256
50: 15426 -430 15117 80 6 | 4645
51: 15646 -430 14797 -60 46 | 3871
52: 15326 -330 15077 -200 106 | 2450
53: 15566 -290 15117 -20 -14 | 3327
54: 15366 -270 14897 -100 6 | 1498
55: 15506 -190 14837 160 -54 | 5149
56: 15466 -310 14977 160 26 | 4930
57: 15526 -110 15037 40 -134 | 4906
58: 15386 -310 14977 20 -94 | 4480
59: 15646 -70 14917 80 -74 | 5052
60: 15446 -210 14937 60 -54 | 4647
61: 15666 -110 14797 60 86 | 4107
62: 15306 -370 15057 -160 -194 | 1176
63: 15386 -150 15137 160 -74 | 5071
64: 15546 -130 14897 100 -74 | 5037
65: 15526 -170 15137 0 166 | 3387
66: 15366 -70 14837 20 -134 | 3828
67: 15486 -390 14797 -140 106 | 3200
68: 15586 -350 15017 -40 -94 | 2062
69: 15526 -150 15037 -180 -134 | 1085
70: 15666 -290 15177 -100 -174 | 1525
71: 15646 -250 14937 100 166 | 4022
72: 15646 -50 15137 -180 -154 | 1143
73: 15306 -210 15137 -160 -94 | 1195
74: 15546 -250 14837 -120 146 | 2932
75: 15286 -270 14877 60 -174 | 4610
76: 15286 -350 14977 180 -34 | 4929
77: 15346 -230 14997 0 -114 | 3166
78: 15466 -270 15137 180 -194 | 4306
79: 15526 -190 14897 -20 66 | 3505
80: 15506 -130 15117 80 6 | 5278
81: 15566 -310 14797 0 166 | 3178
82: 15566 -230 14877 100 -194 | 4110
83: 15386 -70 15017 120 -54 | 5010
84: 15466 -90 14957 160 106 | 4313
85: 15486 -230 14977 100 6 | 5767
86: 15586 -310 14917 20 26 | 4257
87: 15486 -90 15177 -160 -74 | 1263
88: 15486 -110 14977 -80 6 | 1743
89: 15506 -190 14817 80 -214 | 3970
90: 15306 -130 15137 -20 46 | 4399
91: 15566 -50 15097 100 -94 | 4622
92: 15426 -230 14897 -100 66 | 4123
93: 15626 -130 15017 -40 -34 | 2415
94: 15666 -210 14897 -200 126 | 3781
95: 15446 -210 14817 -20 146 | 3218
96: 15306 -230 15057 20 26 | 3874
97: 15666 -90 14857 80 26 | 4813
98: 15486 -170 15077 100 6 | 5169
99: 15446 -350 15157 -200 -114 | 1093

generation 51
0: 15486 -230 14997 0 -14 | 6344
1: 15584 -132 14919 -137 103 | 3854
2: 15564 -191 14939 39 -33 | 2537
3: 15662 -328 15095 -39 -190 | 1896
4: 15505 -74 14978 137 -210 | 4705
5: 15349 -249 14899 -19 -170 | 1491
6: 15447 -54 15114 -58 -112 | 1890
7: 15564 -152 15036 58 123 | 3626
8: 15447 -288 14978 98 25 | 4496
9: 15642 -288 15134 -78 -72 | 1647
10: 15486 -93 15134 176 64 | 1981
11: 15623 -386 15095 98 -151 | 3774
12: 15642 -367 15095 -78 -170 | 1318
13: 15525 -426 14978 -117 44 | 2502
14: 15408 -328 15055 -39 25 | 4278
15: 15388 -308 15016 78 25 | 4595
16: 15486 -347 14821 -58 -131 | 1398
17: 15428 -93 15153 -137 -131 | 1189
18: 15564 -406 14939 -176 162 | 3572
19: 15310 -172 15016 0 -33 | 5905
20: 15623 -249 14919 0 123 | 1733
21: 15662 -288 15095 -156 44 | 1988
22: 15447 -172 15134 -19 -210 | 1911
23: 15544 -93 15134 -117 25 | 1695
24: 15310 -230 14899 -196 5 | 1057
25: 15369 -152 15114 98 103 | 4003
26: 15623 -191 15134 -117 64 | 1758
27: 15564 -132 15055 0 123 | 3842
28: 15408 -230 14841 117 5 | 4683
29: 15349 -249 14801 39 -112 | 1431
30: 15525 -308 15095 137 142 | 3743
31: 15408 -172 15036 78 -33 | 4957
32: 15310 -191 15055 156 -53 | 2331
33: 15447 -328 15095 58 84 | 3690
34: 15369 -426 15134 -58 103 | 3349
35: 15447 -386 15134 -19 64 | 3556
36: 15349 -406 15036 156 5 | 4641
37: 15505 -93 14880 98 5 | 2510
38: 15544 -113 15095 176 -72 | 2133
39: 15584 -54 15036 0 25 | 4924
40: 15428 -132 15036 -117 -170 | 1287
41: 15447 -347 14880 156 44 | 2074
42: 15486 -406 15095 -137 5 | 1158
43: 15408 -308 14958 -156 -190 | 1169
44: 15525 -113 14997 176 84 | 2085
45: 15623 -132 14919 -19 -112 | 2518
46: 15642 -269 15036 19 -131 | 1377
47: 15564 -211 14958 0 -33 | 1793
48: 15330 -406 14841 -19 103 | 3442
49: 15564 -288 14841 78 -33 | 4592
50: 15349 -74 15134 58 142 | 3984
51: 15369 -230 14899 0 5 | 5038
52: 15486 -249 15173 98 25 | 2056
53: 15349 -406 14860 39 25 | 5088
54: 15388 -308 14899 176 -72 | 4350
55: 15544 -172 15075 98 -210 | 4173
56: 15584 -230 15153 58 103 | 3549
57: 15603 -93 15153 -176 -210 | 1359
58: 15486 -347 14978 -176 162 | 1327
59: 15310 -93 15036 117 -190 | 1453
60: 15603 -172 14939 58 44 | 4514
61: 15564 -308 14919 -196 44 | 1455
62: 15408 -132 15114 -98 -210 | 1508
63: 15369 -172 14997 -156 84 | 3434
64: 15486 -347 15016 19 142 | 1716
65: 15330 -191 15095 78 -210 | 1187
66: 15603 -211 15075 98 -131 | 1601
67: 15428 -406 14860 -98 -190 | 1382
68: 15603 -347 14958 -117 -190 | 1212
69: 15467 -269 15075 19 5 | 2396
70: 15310 -406 14939 39 25 | 3755
71: 15388 -152 15114 39 -33 | 5445
72: 15447 -269 15036 -156 -151 | 1313
73: 15603 -406 14880 19 162 | 3146
74: 15623 -269 14860 -78 25 | 1736
75: 15369 -288 15055 0 142 | 3018
76: 15369 -347 15016 -137 103 | 1608
77: 15584 -406 14860 19 44 | 4023
78: 15369 -211 14841 117 64 | 2053
79: 15623 -347 14939 78 103 | 1784
80: 15408 -367 15114 -176 -190 | 1098
81: 15290 -328 14958 58 -53 | 4917
82: 15642 -249 15036 -19 44 | 2315
83: 15290 -113 15075 -137 162 | 1756
84: 15428 -54 15016 -176 -72 | 1066
85: 15388 -54 15036 -117 -112 | 1285
86: 15290 -211 14958 -39 25 | 2207
87: 15486 -269 14997 0 -170 | 1351
88: 15486 -249 15016 -156 -14 | 1382
89: 15603 -152 14939 -156 -14 | 1224
90: 15408 -230 14978 137 -151 | 4413
91: 15623 -152 15075 -176 162 | 3317
92: 15662 -172 14841 -196 -190 | 1108
93: 15564 -230 14978 117 25 | 4608
94: 15349 -308 15055 98 -210 | 4210
95: 15369 -367 15095 -137 -92 | 1283
96: 15388 -406 14958 -78 5 | 1605
97: 15505 -367 15134 -78 103 | 1673
98: 15447 -328 14978 0 123 | 3522
99: 15486 -93 14939 -196 -112 | 1252

generation 52
0: 15486 -230 14997 0 -14 | 6828
1: 15467 -326 15054 -19 -110 | 2723
2: 15620 -364 14940 -173 159 | 3954
3: 15601 -364 15054 57 43 | 3544
4: 15410 -306 14959 -57 -90 | 1915
5: 15582 -134 14921 -96 -90 | 1432
6: 15467 -230 15073 96 -52 | 5059
7: 15486 -345 15054 -115 -110 | 1169
8: 15505 -173 14959 153 62 | 1992
9: 15294 -306 14978 57 -206 | 3347
10: 15562 -422 15150 -134 159 | 3407
11: 15390 -230 15073 19 101 | 3916
12: 15543 -192 15150 173 -71 | 5248
13: 15410 -249 14863 -192 -110 | 1235
14: 15294 -364 15170 -19 43 | 3858
15: 15543 -249 14805 -134 62 | 1431
16: 15294 -249 14921 153 24 | 2025
17: 15410 -364 15093 38 -90 | 4905
18: 15505 -326 14997 -173 101 | 2811
19: 15620 -268 15150 38 -206 | 3258
20: 15352 -173 14863 -153 62 | 1392
21: 15601 -268 15093 115 -148 | 4667
22: 15467 -268 15035 -38 159 | 3764
23: 15620 -154 14844 38 -90 | 5267
24: 15313 -134 14882 19 101 | 3740
25: 15524 -403 14882 0 -110 | 1474
26: 15371 -154 14997 173 -52 | 4497
27: 15371 -268 15112 19 101 | 3177
28: 15659 -403 14901 -115 -187 | 1090
29: 15371 -403 15093 153 43 | 1850
30: 15543 -211 14959 -19 82 | 1808
31: 15371 -154 15112 -173 -129 | 1140
32: 15543 -96 14997 -115 120 | 3656
33: 15659 -268 15131 96 -206 | 3817
34: 15543 -287 15054 0 5 | 2853
35: 15410 -306 14882 57 120 | 3221
36: 15620 -306 14959 134 -52 | 4175
37: 15352 -403 14844 19 62 | 1834
38: 15639 -326 15035 -19 -33 | 3312
39: 15313 -268 14978 153 82 | 3956
40: 15313 -364 15073 -76 62 | 3554
41: 15620 -192 14805 -173 -110 | 1148
42: 15467 -77 14882 153 82 | 2138
43: 15524 -173 14978 -76 -110 | 1291
44: 15582 -345 14997 -57 -110 | 1497
45: 15505 -422 15054 -192 -14 | 1009
46: 15313 -383 15073 96 -52 | 2020
47: 15294 -173 14824 38 62 | 2197
48: 15639 -383 14901 -153 -206 | 1222
49: 15524 -306 14901 -173 -129 | 1172
50: 15486 -249 14978 38 101 | 1780
51: 15410 -364 15131 -192 101 | 3039
52: 15659 -403 15150 57 -52 | 2287
53: 15639 -173 14824 19 -90 | 1588
54: 15448 -230 14805 57 24 | 4182
55: 15524 -96 15170 134 5 | 5334
56: 15352 -422 14805 -115 24 | 1743
57: 15601 -211 14959 -96 -148 | 1322
58: 15371 -326 15112 76 -14 | 4750
59: 15371 -192 15112 153 -129 | 4091
60: 15562 -77 14921 76 -148 | 1368
61: 15639 -306 14805 -19 -148 | 2268
62: 15505 -326 14863 19 -187 | 2945
63: 15448 -422 14882 -38 120 | 3394
64: 15659 -192 15073 96 -90 | 4518
65: 15620 -192 14997 57 -14 | 5045
66: 15410 -287 14959 38 -187 | 1291
67: 15505 -364 14940 19 -129 | 3521
68: 15333 -134 14824 153 139 | 3527
69: 15352 -77 15150 173 -90 | 1966
70: 15448 -57 15150 76 62 | 2296
71: 15601 -211 14921 153 -129 | 2127
72: 15448 -96 15016 115 -33 | 4954
73: 15371 -57 14882 -134 -148 | 1353
74: 15313 -306 14997 -153 101 | 3110
75: 15448 -326 15073 173 -110 | 3937
76: 15294 -287 14882 0 -187 | 1478
77: 15486 -77 15054 134 101 | 1957
78: 15467 -96 14901 -173 -90 | 1061
79: 15582 -96 14901 19 -187 | 3349
80: 15294 -192 15170 0 82 | 3602
81: 15582 -57 15035 -19 -14 | 1747
82: 15467 -403 15131 -96 5 | 1520
83: 15486 -115 14824 -134 -110 | 1330
84: 15620 -326 14844 -134 139 | 3286
85: 15448 -230 15093 -76 43 | 3893
86: 15601 -306 15150 -57 -33 | 1848
87: 15543 -383 14805 134 -148 | 1670
88: 15486 -287 14882 -57 24 | 1792
89: 15582 -249 14805 -38 43 | 2103
90: 15390 -306 14997 -38 -187 | 1959
91: 15448 -268 14863 -134 62 | 2784
92: 15448 -192 15054 -76 159 | 3442
93: 15333 -211 15073 76 -33 | 2194
94: 15620 -345 14959 -153 -148 | 1149
95: 15294 -249 15035 -173 139 | 1476
96: 15620 -77 15112 -57 -90 | 1537
97: 15467 -134 14940 -115 5 | 1424
98: 15313 -192 14863 -76 5 | 1801
99: 15562 -268 14844 -38 -167 | 1933

generation 53
0: 15486 -230 14997 0 -14 | 6453
1: 15298 -305 14847 113 -164 | 1532
2: 15373 -155 15072 56 42 | 2210
3: 15336 -305 15053 0 23 | 2328
4: 15411 -343 14865 -75 -202 | 1409
5: 15298 -230 14828 -150 -108 | 1208
6: 15298 -230 14960 -188 -51 | 1099
7: 15580 -418 15091 0 99 | 3151
8: 15618 -305 15015 -113 -202 | 1259
9: 15373 -305 15147 132 -51 | 2270
10: 15486 -117 15034 -75 -164 | 1529
11: 15523 -80 14884 -75 -183 | 1575
12: 15486 -305 15015 0 136 | 1764
13: 15655 -80 15166 -75 -51 | 1754
14: 15580 -117 15072 150 -202 | 1453
15: 15411 -155 15147 113 -127 | 1861
16: 15411 -286 14809 18 -108 | 4103
17: 15561 -136 14865 150 -183 | 4263
18: 15373 -418 15166 -56 4 | 2177
19: 15636 -61 14979 132 -108 | 2211
20: 15468 -343 14828 94 -146 | 1370
21: 15542 -155 14979 18 -14 | 2856
22: 15542 -230 14979 -94 -183 | 1252
23: 15561 -61 14960 0 -14 | 1932
24: 15486 -155 14997 -18 61 | 1900
25: 15542 -61 15053 75 99 | 1865
26: 15636 -362 15053 37 4 | 4116
27: 15599 -98 14903 -94 -183 | 1420
28: 15580 -212 15015 132 99 | 3544
29: 15373 -212 15110 37 -183 | 3324
30: 15636 -155 14960 -188 99 | 1378
31: 15336 -155 15091 -56 -202 | 1528
32: 15523 -98 15110 132 -183 | 4114
33: 15430 -174 15166 -113 -14 | 1528
34: 15523 -212 14828 -132 -51 | 1331
35: 15636 -61 15034 -75 -146 | 1416
36: 15392 -117 14997 -94 99 | 1926
37: 15411 -61 14847 -169 -89 | 1434
38: 15580 -324 14884 18 -164 | 3254
39: 15618 -80 14941 113 -164 | 4812
40: 15486 -267 14903 -132 -146 | 1241
41: 15561 -174 15072 -75 4 | 1943
42: 15486 -362 14941 -188 -32 | 1113
43: 15599 -305 14960 0 155 | 1511
44: 15430 -324 14903 18 99 | 3744
45: 15655 -418 14922 -56 118 | 3388
46: 15449 -248 15129 75 23 | 4435
47: 15542 -418 14922 169 136 | 4108
48: 15618 -248 14828 132 -32 | 5114
49: 15486 -174 15091 18 -146 | 3942
50: 15580 -80 14828 37 -183 | 3970
51: 15618 -212 14828 -113 -14 | 1361
52: 15486 -343 15015 -188 -14 | 1304
53: 15373 -174 14997 -150 23 | 1390
54: 15449 -61 14847 -150 99 | 1581
55: 15354 -193 14828 169 80 | 1879
56: 15618 -305 15053 150 -14 | 2585
57: 15561 -136 15053 113 4 | 5027
58: 15599 -80 15110 -56 136 | 3802
59: 15411 -212 15015 -18 42 | 4619
60: 15599 -98 14903 0 4 | 5588
61: 15542 -174 15110 -56 -127 | 1781
62: 15504 -343 14997 -94 -164 | 1240
63: 15523 -212 14979 -75 155 | 3358
64: 15317 -380 15147 -18 -32 | 3348
65: 15599 -136 15053 -188 99 | 3841
66: 15636 -117 14922 -132 136 | 1701
67: 15618 -248 15015 56 99 | 3336
68: 15599 -324 14809 150 -164 | 3886
69: 15561 -362 14903 -132 -32 | 1252
70: 15392 -117 14865 94 -108 | 1740
71: 15373 -212 15053 132 -146 | 4096
72: 15468 -117 15015 94 4 | 2510
73: 15468 -324 15034 -169 136 | 3481
74: 15449 -248 15091 -188 155 | 3576
75: 15468 -155 14847 94 -14 | 2437
76: 15354 -193 14922 -75 -70 | 1468
77: 15373 -212 14997 -18 -202 | 2148
78: 15561 -230 14960 -94 136 | 3641
79: 15523 -286 14865 -113 -202 | 1290
80: 15542 -174 14828 -18 -108 | 2638
81: 15298 -80 14809 94 42 | 4731
82: 15336 -80 14903 -188 118 | 3873
83: 15373 -117 14960 94 -108 | 2097
84: 15298 -399 15110 -18 136 | 1668
85: 15561 -399 14903 -18 -108 | 1485
86: 15392 -380 14997 -75 4 | 1865
87: 15599 -61 14847 -37 61 | 2120
88: 15430 -230 14884 56 -164 | 4525
89: 15317 -248 15166 -169 99 | 3495
90: 15373 -380 15129 37 4 | 5316
91: 15449 -80 15034 56 -70 | 5035
92: 15468 -212 14997 -188 -32 | 1054
93: 15542 -267 14809 94 99 | 1874
94: 15411 -362 15147 18 -51 | 5560
95: 15298 -343 15129 18 -89 | 1412
96: 15561 -117 14809 -132 -202 | 1288
97: 15504 -212 15166 94 118 | 3635
98: 15636 -343 14809 -37 99 | 1628
99: 15317 -155 14884 -150 -32 | 1461

generation 54
0: 15486 -230 14997 0 -14 | 7028
1: 15468 -212 15163 -74 78 | 4302
2: 15431 -322 15163 -148 -180 | 1279
3: 15301 -267 14960 -37 23 | 2313
4: 15301 -359 14997 74 -51 | 2036
5: 15449 -248 14868 -92 115 | 2870
6: 15412 -285 15071 166 -51 | 1816
7: 15338 -415 14812 55 -88 | 1589
8: 15578 -193 14868 -74 60 | 1851
9: 15394 -304 14849 55 -69 | 4763
10: 15560 -175 14997 111 152 | 1624
11: 15634 -101 14831 55 -162 | 1673
12: 15634 -415 14831 -111 152 | 1509
13: 15486 -82 15015 -148 4 | 1381
14: 15615 -101 14868 -185 78 | 1366
15: 15486 -101 14849 37 -162 | 1503
16: 15320 -64 15089 18 -69 | 5496
17: 15431 -378 14886 -37 78 | 3046
18: 15431 -82 14942 -185 -162 | 1164
19: 15634 -230 14831 -18 23 | 4791
20: 15523 -82 14831 -37 152 | 3545
21: 15615 -82 14960 18 -162 | 3569
22: 15504 -193 15052 148 78 | 2041
23: 15320 -322 14979 -92 -106 | 1468
24: 15615 -193 14868 -111 41 | 1518
25: 15634 -359 15089 166 23 | 2260
26: 15301 -359 15015 55 4 | 2529
27: 15338 -230 14831 0 41 | 3785
28: 15375 -396 15126 129 23 | 4534
29: 15541 -230 15126 -148 97 | 3818
30: 15578 -64 14812 0 97 | 3849
31: 15394 -267 15163 -166 -69 | 1307
32: 15357 -175 15015 -74 -88 | 1337
33: 15560 -267 14979 -37 4 | 1734
34: 15338 -193 14886 -185 -180 | 1248
35: 15597 -322 15034 -74 152 | 3206
36: 15449 -396 15015 -185 4 | 1041
37: 15431 -304 14812 -74 152 | 3773
38: 15652 -396 15034 -148 -51 | 1194
39: 15634 -248 15108 166 115 | 3590
40: 15652 -378 14979 -111 60 | 3525
41: 15338 -415 15163 -74 -88 | 1317
42: 15486 -304 15163 -166 -69 | 1142
43: 15504 -267 15052 -129 -88 | 1328
44: 15375 -156 14960 111 115 | 3734
45: 15597 -304 15145 -111 -88 | 1406
46: 15578 -341 14812 111 -199 | 1231
47: 15560 -82 14812 -92 -106 | 1528
48: 15652 -285 15015 148 -32 | 2325
49: 15486 -396 14979 92 -125 | 4334
50: 15597 -64 15015 111 78 | 4124
51: 15301 -341 15071 148 -199 | 1416
52: 15523 -175 14886 37 -32 | 2444
53: 15375 -82 15163 129 78 | 3492
54: 15375 -119 14849 -37 -88 | 1580
55: 15357 -230 14960 55 -88 | 5047
56: 15375 -396 14905 92 115 | 3853
57: 15541 -138 14831 -55 41 | 5394
58: 15541 -212 14923 148 -143 | 4260
59: 15431 -156 15052 -55 -143 | 2004
60: 15301 -359 15015 -148 -143 | 1173
61: 15634 -304 15071 -74 4 | 1819
62: 15301 -230 15034 129 -88 | 4931
63: 15320 -230 15052 74 -32 | 5164
64: 15652 -285 14812 -92 115 | 1683
65: 15578 -322 15034 -37 -125 | 2296
66: 15431 -415 14942 166 -143 | 1574
67: 15357 -101 14831 129 -143 | 1865
68: 15375 -248 14905 111 134 | 3339
69: 15504 -101 14979 129 4 | 2428
70: 15634 -119 14997 18 41 | 1984
71: 15449 -304 15145 37 -69 | 5256
72: 15338 -64 14942 -148 134 | 3668
73: 15338 -322 14942 92 60 | 3947
74: 15486 -64 15089 111 -69 | 4307
75: 15541 -64 14886 -148 -51 | 1297
76: 15431 -175 14886 148 97 | 1858
77: 15634 -304 14849 -37 134 | 3388
78: 15320 -359 14979 -18 -106 | 1602
79: 15301 -359 14849 -55 152 | 1540
80: 15597 -82 14997 -129 -88 | 1289
81: 15634 -119 15126 74 4 | 2223
82: 15412 -378 15108 -148 23 | 1508
83: 15523 -193 14997 -74 -180 | 1265
84: 15301 -267 15108 -18 -32 | 1782
85: 15541 -248 15034 92 115 | 3393
86: 15357 -359 14942 74 -88 | 1838
87: 15394 -193 14849 -148 134 | 1529
88: 15394 -415 14812 -166 -143 | 1329
89: 15375 -175 15089 74 -199 | 1329
90: 15449 -304 14812 -111 -51 | 1390
91: 15468 -101 14979 55 -125 | 1357
92: 15412 -101 15163 -92 -143 | 1526
93: 15394 -230 14942 -185 -106 | 1082
94: 15394 -101 14905 148 152 | 1960
95: 15301 -378 15034 111 -32 | 4454
96: 15375 -341 14942 -111 -180 | 1367
97: 15578 -175 14997 -92 152 | 1681
98: 15431 -359 14960 -74 -32 | 1655
99: 15504 -341 15015 0 97 | 1740

generation 55
0: 15486 -230 14997 0 -14 | 6546
1: 15631 -67 15106 -18 -123 | 1520
2: 15323 -67 14979 -54 113 | 1929
3: 15305 -302 14961 18 -123 | 3827
4: 15558 -302 15087 -181 -14 | 1116
5: 15341 -67 15087 90 -50 | 2376
6: 15341 -230 15087 36 -14 | 5291
7: 15613 -375 14979 54 -123 | 1579
8: 15558 -284 14870 -127 58 | 3058
9: 15522 -140 14816 -181 131 | 4082
10: 15595 -158 14888 -127 58 | 2850
11: 15558 -320 14907 -145 22 | 1355
12: 15558 -339 15087 -18 -50 | 1569
13: 15396 -85 14852 -72 -123 | 1596
14: 15414 -411 15015 -163 76 | 1345
15: 15396 -176 14997 127 40 | 4727
16: 15450 -320 14961 -109 -50 | 1359
17: 15558 -212 14907 -181 -104 | 1016
18: 15468 -302 14834 -109 76 | 3488
19: 15323 -393 14925 -127 -50 | 1332
20: 15486 -230 14816 -163 4 | 1125
21: 15450 -85 15124 145 -68 | 2259
22: 15486 -67 15033 145 76 | 1949
23: 15522 -320 15142 127 -104 | 4217
24: 15359 -302 15015 109 -141 | 4233
25: 15631 -103 14888 109 -177 | 1456
26: 15377 -302 14870 127 149 | 3649
27: 15414 -320 15124 -127 76 | 3632
28: 15595 -302 14925 -36 -123 | 2054
29: 15341 -411 14834 36 113 | 1765
30: 15414 -266 15106 -18 -123 | 2539
31: 15649 -411 14852 90 95 | 1670
32: 15576 -411 15087 0 -32 | 2033
33: 15558 -266 15069 -109 22 | 1900
34: 15468 -411 15142 109 -32 | 2107
35: 15558 -230 14834 -36 -159 | 1992
36: 15649 -158 14997 -54 95 | 3309
37: 15576 -302 15106 -18 40 | 4320
38: 15377 -121 14907 163 -86 | 2169
39: 15558 -158 15069 -36 131 | 3618
40: 15631 -230 15142 -36 -86 | 2458
41: 15649 -140 15106 -163 -141 | 1098
42: 15486 -194 14979 -163 149 | 3480
43: 15396 -266 15124 54 -32 | 5078
44: 15486 -85 14907 -36 -32 | 1763
45: 15504 -375 15087 127 -141 | 1701
46: 15540 -266 15051 -109 95 | 3458
47: 15649 -140 14870 -54 95 | 3902
48: 15414 -248 14816 -36 -14 | 2616
49: 15504 -320 14997 -36 149 | 3488
50: 15649 -212 14979 -109 4 | 1440
51: 15486 -284 15051 -72 113 | 3396
52: 15595 -67 14907 -163 76 | 1508
53: 15540 -411 15015 127 149 | 1804
54: 15649 -140 14979 -181 -141 | 1028
55: 15504 -212 14979 72 22 | 4145
56: 15305 -176 15087 -163 -14 | 1246
57: 15414 -212 14979 18 113 | 3925
58: 15414 -411 14979 -127 -177 | 1222
59: 15595 -103 15069 -54 -86 | 1651
60: 15540 -67 14834 72 4 | 2440
61: 15613 -85 15069 145 22 | 2631
62: 15414 -230 15124 54 4 | 5545
63: 15649 -212 15069 -18 -141 | 2439
64: 15522 -284 14870 54 4 | 4677
65: 15595 -248 14961 0 -32 | 5674
66: 15558 -121 14816 -54 -159 | 1505
67: 15504 -121 14816 -90 58 | 1703
68: 15377 -339 15106 72 -32 | 1961
69: 15649 -176 14834 72 58 | 4566
70: 15595 -85 14852 163 4 | 2485
71: 15540 -140 15033 54 131 | 4028
72: 15323 -284 15069 -163 -86 | 1100
73: 15595 -339 14870 -18 -14 | 2072
74: 15468 -176 14925 145 149 | 3572
75: 15576 -103 15051 109 4 | 2382
76: 15432 -194 14979 -18 -141 | 2530
77: 15522 -158 15015 -90 -68 | 1717
78: 15468 -302 14925 90 -195 | 4185
79: 15540 -212 14888 -36 -195 | 1769
80: 15414 -248 14925 36 149 | 3523
81: 15396 -266 15124 0 95 | 3618
82: 15305 -85 14834 0 149 | 1894
83: 15595 -375 14925 -54 149 | 1621
84: 15540 -266 15142 -181 76 | 2579
85: 15631 -320 14943 -145 -104 | 1182
86: 15649 -393 14925 -90 40 | 1637
87: 15414 -357 14834 90 40 | 1937
88: 15486 -140 14870 18 113 | 3586
89: 15576 -284 15033 -163 -68 | 1135
90: 15504 -302 14943 -18 131 | 3573
91: 15359 -284 14870 0 -159 | 2557
92: 15305 -393 15087 163 -68 | 1961
93: 15450 -103 14852 -145 22 | 1554
94: 15576 -194 15160 163 -141 | 4125
95: 15613 -302 14852 -18 -68 | 3195
96: 15468 -411 15051 -18 -159 | 1469
97: 15377 -194 14834 163 58 | 4193
98: 15576 -411 15087 0 4 | 2214
99: 15558 -67 14961 109 -177 | 1468

generation 56
0: 15486 -230 14997 0 -14 | 6915
1: 15451 -265 14944 0 75 | 1904
2: 15646 -213 15086 142 75 | 1942
3: 15397 -390 14872 -125 -174 | 1266
4: 15344 -337 15104 -17 75 | 1675
5: 15611 -355 15014 142 -156 | 1713
6: 15308 -177 14962 89 39 | 2226
7: 15397 -123 15050 -107 -85 | 1319
8: 15308 -337 15139 89 -156 | 1358
9: 15539 -177 15086 -35 93 | 1870
10: 15469 -355 15032 -89 21 | 1515
11: 15433 -372 14944 17 21 | 3804
12: 15469 -355 15122 125 146 | 2009
13: 15486 -141 15086 107 146 | 1516
14: 15326 -123 14872 17 21 | 2066
15: 15611 -123 15122 -89 111 | 1725
16: 15539 -159 14819 -89 3 | 1678
17: 15521 -319 14926 160 -49 | 2158
18: 15486 -408 14872 -35 -14 | 2449
19: 15344 -230 14908 -17 -85 | 2864
20: 15593 -355 14872 35 57 | 1924
21: 15433 -390 14872 -107 -85 | 1321
22: 15308 -247 15032 -178 -85 | 1335
23: 15379 -195 14872 -142 -139 | 1332
24: 15503 -195 14872 -53 -192 | 1324
25: 15539 -390 15014 0 3 | 4270
26: 15469 -70 14926 35 3 | 4963
27: 15521 -70 15032 89 -139 | 4962
28: 15503 -141 14890 89 75 | 1773
29: 15503 -213 15157 71 39 | 2155
30: 15344 -88 14926 142 -103 | 4737
31: 15628 -213 14926 -160 57 | 1649
32: 15469 -213 15050 89 -139 | 1369
33: 15379 -265 15086 -35 -139 | 1529
34: 15486 -213 15157 89 -67 | 2066
35: 15415 -301 15139 -71 -192 | 1337
36: 15379 -408 14997 0 128 | 3538
37: 15575 -408 14855 71 -156 | 3868
38: 15593 -355 14908 -160 146 | 1465
39: 15451 -105 15157 89 -103 | 1662
40: 15344 -301 14980 53 -174 | 1430
41: 15593 -195 15157 -71 -14 | 1696
42: 15503 -230 14997 -142 21 | 1381
43: 15469 -247 14908 -125 -139 | 1389
44: 15433 -213 15157 35 21 | 2198
45: 15628 -195 14980 125 -49 | 2523
46: 15415 -213 14926 89 111 | 1780
47: 15646 -355 14837 142 -14 | 2523
48: 15503 -390 15032 -160 -139 | 1170
49: 15611 -372 14908 -142 -103 | 1239
50: 15308 -390 14962 160 -103 | 3735
51: 15308 -105 14980 -160 -85 | 1446
52: 15611 -265 14997 -125 -139 | 1299
53: 15646 -372 15157 -178 21 | 1203
54: 15326 -213 15068 53 -121 | 1385
55: 15469 -372 14944 -71 93 | 3584
56: 15379 -283 15122 53 -85 | 1641
57: 15557 -319 15104 -107 -67 | 1290
58: 15344 -177 15086 -107 -31 | 1605
59: 15486 -355 14872 -17 75 | 1923
60: 15593 -372 15139 -142 93 | 3515
61: 15361 -355 14997 -142 -14 | 1496
62: 15433 -301 15122 107 3 | 2429
63: 15361 -213 14980 160 -67 | 1903
64: 15593 -159 14819 -125 128 | 1456
65: 15469 -319 15068 53 -67 | 2074
66: 15469 -390 14980 -35 75 | 3569
67: 15611 -355 15139 -35 -103 | 1656
68: 15451 -283 15014 -89 75 | 1875
69: 15575 -247 15139 -107 -192 | 1305
70: 15397 -195 15068 142 -67 | 1920
71: 15397 -70 15032 160 -121 | 4807
72: 15646 -408 14908 -160 -49 | 1110
73: 15308 -88 15014 160 128 | 4083
74: 15451 -70 15122 35 -103 | 5467
75: 15539 -283 14926 -125 -139 | 1350
76: 15415 -247 14944 -160 -67 | 1350
77: 15557 -301 15139 -71 111 | 1854
78: 15361 -88 15122 -35 146 | 4155
79: 15628 -390 14980 -160 21 | 1269
80: 15308 -230 15014 -17 -156 | 2508
81: 15451 -372 14837 71 -85 | 4486
82: 15593 -390 14944 -125 57 | 2894
83: 15415 -105 15032 -107 -139 | 1433
84: 15326 -283 15050 142 -49 | 2276
85: 15379 -123 14980 -71 -14 | 1799
86: 15539 -301 14819 107 75 | 1868
87: 15557 -319 14997 89 146 | 1666
88: 15451 -213 15032 -53 -85 | 1719
89: 15628 -177 14872 -142 -31 | 1524
90: 15628 -355 15122 35 -156 | 1283
91: 15611 -265 14997 142 57 | 2013
92: 15308 -213 15032 35 -67 | 1940
93: 15451 -301 15032 0 39 | 2023
94: 15379 -230 14890 107 111 | 3889
95: 15486 -283 14855 -89 -31 | 1505
96: 15503 -337 15050 -178 -49 | 1279
97: 15575 -105 15104 125 75 | 1804
98: 15503 -88 14926 -125 -14 | 1368
99: 15415 -355 15122 0 -103 | 1502

generation 57
0: 15486 -230 14997 0 -14 | 6974
1: 15608 -195 15137 105 108 | 1929
2: 15556 -143 14945 122 -189 | 1185
3: 15381 -195 14980 35 38 | 1943
4: 15626 -90 14945 35 91 | 4089
5: 15364 -335 14980 157 -119 | 1915
6: 15573 -178 15084 -17 -171 | 2262
7: 15538 -300 15049 -105 73 | 4439
8: 15364 -90 14857 0 -66 | 4351
9: 15556 -300 14822 -122 126 | 3476
10: 15538 -178 14980 35 126 | 3763
11: 15399 -265 14857 70 143 | 1682
12: 15626 -247 14892 -87 -14 | 1630
13: 15416 -90 15119 17 -154 | 3885
14: 15381 -160 15049 -70 108 | 3920
15: 15311 -405 14875 35 73 | 1734
16: 15346 -108 14962 -122 -14 | 1300
17: 15416 -265 14997 -175 73 | 1377
18: 15329 -230 15102 -70 73 | 4646
19: 15434 -195 14927 105 -136 | 1518
20: 15311 -405 14997 52 -84 | 1839
21: 15434 -300 15137 0 126 | 3315
22: 15538 -335 14962 52 -66 | 2282
23: 15626 -195 15102 -175 -119 | 1141
24: 15364 -387 15084 157 -66 | 2179
25: 15346 -300 15154 -175 -154 | 1059
26: 15573 -387 14857 -87 -84 | 1321
27: 15311 -195 14892 140 56 | 2256
28: 15573 -352 15154 -122 -31 | 1315
29: 15416 -178 14840 70 38 | 4640
30: 15399 -108 14927 35 108 | 3499
31: 15556 -143 15084 -87 73 | 1737
32: 15626 -195 14962 35 108 | 1983
33: 15434 -317 14840 17 73 | 1726
34: 15591 -300 15014 87 -31 | 4689
35: 15311 -178 14857 -157 -49 | 1243
36: 15434 -90 15119 70 3 | 4918
37: 15416 -405 15137 -140 -101 | 1342
38: 15538 -195 14997 70 91 | 1657
39: 15643 -387 14840 -157 21 | 1318
40: 15469 -247 15014 -175 -119 | 1232
41: 15311 -405 14980 87 38 | 1951
42: 15608 -370 15014 -52 -49 | 1986
43: 15346 -178 14962 -175 73 | 2713
44: 15416 -300 15154 105 21 | 4939
45: 15591 -143 15049 -17 -49 | 1744
46: 15608 -90 15119 -35 -14 | 2295
47: 15538 -387 14997 -122 -49 | 1330
48: 15364 -195 14997 -52 143 | 1667
49: 15643 -387 15049 157 56 | 2102
50: 15451 -317 15032 -35 -171 | 1241
51: 15381 -125 14980 122 -101 | 2167
52: 15608 -300 15102 87 -66 | 4324
53: 15416 -265 14822 122 -136 | 1806
54: 15451 -195 15102 0 3 | 2547
55: 15573 -387 15049 -35 -171 | 1279
56: 15434 -247 14927 157 -31 | 2619
57: 15311 -143 14910 -17 -119 | 1540
58: 15486 -90 14997 -70 38 | 4615
59: 15608 -317 15067 122 56 | 1774
60: 15608 -108 15137 52 -49 | 5064
61: 15486 -387 14980 87 -31 | 2217
62: 15486 -370 15137 -17 38 | 4226
63: 15434 -247 14822 -105 -14 | 1600
64: 15381 -282 14962 70 38 | 4335
65: 15556 -335 14997 -35 38 | 2132
66: 15381 -108 15014 -122 -136 | 1368
67: 15643 -178 14892 -175 -49 | 1081
68: 15399 -213 14857 -105 -189 | 1376
69: 15434 -352 14840 -52 -49 | 2037
70: 15503 -213 15084 17 108 | 1820
71: 15311 -317 14840 17 -101 | 1305
72: 15434 -143 15084 140 -14 | 2563
73: 15626 -247 15084 70 -31 | 2345
74: 15573 -73 14822 122 73 | 2026
75: 15521 -125 15154 -87 73 | 1877
76: 15643 -265 15137 70 -189 | 1298
77: 15591 -300 14910 -17 108 | 3542
78: 15503 -125 14910 140 56 | 2194
79: 15434 -125 14875 -122 -154 | 1379
80: 15399 -90 14840 122 -49 | 5005
81: 15608 -370 14892 -35 -66 | 2269
82: 15521 -282 15102 0 38 | 3646
83: 15451 -90 15154 52 -49 | 4928
84: 15469 -125 14892 -70 56 | 1815
85: 15503 -178 14857 -70 91 | 3846
86: 15381 -213 14945 140 -31 | 2518
87: 15573 -282 14875 17 73 | 3891
88: 15486 -352 15067 140 -84 | 4202
89: 15434 -300 14892 140 -189 | 3948
90: 15521 -282 14962 -17 -101 | 2609
91: 15573 -195 15014 122 -14 | 2315
92: 15434 -370 14857 -70 21 | 2658
93: 15364 -387 15154 -70 38 | 1791
94: 15416 -265 14962 -175 -66 | 1349
95: 15556 -282 14910 157 108 | 3805
96: 15608 -352 15119 -70 -119 | 1731
97: 15346 -387 15102 52 -14 | 2144
98: 15434 -178 14892 -157 143 | 3516
99: 15591 -125 15049 87 -154 | 1324

generation 58
0: 15486 -230 14997 0 -14 | 6912
1: 15469 -213 15014 0 123 | 1855
2: 15486 -316 14825 103 -48 | 4481
3: 15383 -196 14911 0 -31 | 5659
4: 15572 -264 14980 -86 123 | 3472
5: 15589 -127 14929 103 -169 | 1353
6: 15366 -162 14842 155 89 | 3809
7: 15606 -402 15152 -155 -14 | 1095
8: 15606 -350 15100 120 -186 | 4524
9: 15589 -179 14894 51 -117 | 1516
10: 15418 -402 14894 86 -100 | 4378
11: 15366 -350 15048 -155 -186 | 1164
12: 15554 -316 14929 103 -117 | 4307
13: 15349 -316 14911 -137 123 | 3591
14: 15572 -75 14860 -120 -31 | 1565
15: 15554 -213 14860 137 -117 | 1820
16: 15623 -333 14911 -120 3 | 1618
17: 15486 -298 15083 -103 141 | 3769
18: 15435 -93 14894 51 -82 | 1781
19: 15331 -127 14894 -68 -14 | 1565
20: 15349 -179 14842 -103 -31 | 1426
21: 15486 -230 14825 51 -169 | 4204
22: 15606 -350 15117 -137 -82 | 1168
23: 15469 -333 14894 103 -48 | 2015
24: 15383 -350 15152 -172 -48 | 1112
25: 15606 -385 15100 -155 141 | 1490
26: 15418 -333 15048 -34 -186 | 1471
27: 15554 -230 15014 -68 -134 | 1557
28: 15520 -350 15152 -17 -100 | 2583
29: 15400 -230 14997 -137 -82 | 1270
30: 15486 -298 14842 -155 123 | 3123
31: 15486 -75 14825 137 20 | 2450
32: 15641 -316 15100 -103 -100 | 1379
33: 15469 -93 15083 -172 -100 | 1380
34: 15503 -333 14825 0 -100 | 1390
35: 15418 -281 14963 -34 -31 | 1599
36: 15554 -93 14946 -34 -186 | 1460
37: 15418 -93 15014 -68 -48 | 1730
38: 15366 -110 14911 34 -151 | 4556
39: 15486 -385 15031 137 37 | 2024
40: 15469 -385 14980 0 3 | 2103
41: 15418 -264 14997 68 89 | 4038
42: 15314 -385 14929 155 -31 | 2111
43: 15418 -316 15152 -17 -134 | 2440
44: 15435 -179 15048 51 106 | 1932
45: 15435 -144 15134 155 37 | 5361
46: 15366 -385 14929 34 -134 | 1218
47: 15469 -93 15014 -172 -100 | 1419
48: 15641 -196 14929 -86 3 | 1676
49: 15572 -333 14980 68 37 | 2045
50: 15520 -179 15134 -86 -82 | 1356
51: 15572 -333 15065 -86 -117 | 1286
52: 15435 -264 15117 -68 -186 | 1612
53: 15314 -144 15014 -120 72 | 3877
54: 15589 -162 15152 -137 141 | 3627
55: 15503 -247 15083 34 72 | 1880
56: 15331 -127 14963 155 54 | 2124
57: 15435 -144 15134 -155 -186 | 1208
58: 15554 -402 14980 17 -82 | 4608
59: 15331 -350 14860 -103 123 | 3507
60: 15469 -402 15031 -155 54 | 1982
61: 15383 -196 15083 155 89 | 3816
62: 15486 -402 15031 155 20 | 5182
63: 15418 -93 15152 -86 141 | 1695
64: 15641 -75 15152 -172 -134 | 1110
65: 15623 -162 14929 34 123 | 3895
66: 15400 -385 15014 -17 -151 | 1491
67: 15606 -179 14929 51 -100 | 1534
68: 15554 -350 15117 -51 54 | 4192
69: 15331 -179 15031 -172 -14 | 1522
70: 15366 -402 14860 -120 20 | 1656
71: 15400 -179 15134 -120 -100 | 1288
72: 15606 -264 15134 -172 123 | 3288
73: 15331 -110 14877 155 -14 | 5179
74: 15314 -162 15065 0 37 | 4009
75: 15314 -213 15134 -86 20 | 1756
76: 15469 -264 14894 -120 -134 | 1252
77: 15452 -264 15100 -51 3 | 2283
78: 15331 -127 15031 -172 89 | 1490
79: 15349 -179 15048 120 -117 | 1966
80: 15589 -93 14997 0 -48 | 1703
81: 15366 -367 15014 -137 -65 | 1313
82: 15366 -350 14963 -51 123 | 3465
83: 15503 -127 14929 -172 72 | 1674
84: 15469 -385 15014 51 37 | 1900
85: 15435 -281 15134 34 -100 | 1312
86: 15572 -264 15083 120 -14 | 4986
87: 15572 -385 15048 -68 72 | 1951
88: 15520 -230 14997 -172 -31 | 1102
89: 15452 -196 15117 -68 -117 | 1884
90: 15520 -281 15117 -120 37 | 1577
91: 15366 -367 14825 -155 72 | 1554
92: 15606 -264 15083 34 -82 | 5451
93: 15418 -281 15152 17 54 | 1894
94: 15418 -350 15100 -34 89 | 4142
95: 15400 -264 14963 -120 54 | 3059
96: 15383 -281 15048 -155 3 | 1505
97: 15418 -333 15048 155 123 | 1805
98: 15314 -127 14929 103 -31 | 2414
99: 15383 -367 14963 86 37 | 1975

generation 59
0: 15486 -230 14997 0 -14 | 6860
1: 15453 -95 15030 -135 70 | 1572
2: 15419 -365 14879 118 36 | 1877
3: 15317 -297 14913 -84 104 | 1761
4: 15638 -214 15030 -16 70 | 3668
5: 15368 -331 15013 -101 -14 | 1449
6: 15553 -314 15098 101 36 | 4163
7: 15351 -129 14879 -67 121 | 1738
8: 15621 -197 15047 50 -166 | 1280
9: 15621 -297 14964 -118 2 | 1470
10: 15604 -163 15064 -16 -132 | 1472
11: 15334 -197 14964 -101 -47 | 1471
12: 15486 -95 15047 152 -64 | 2221
13: 15419 -382 14879 -16 -183 | 2162
14: 15553 -78 14896 152 -98 | 4615
15: 15419 -112 15013 67 -166 | 4551
16: 15553 -348 15081 -33 36 | 3796
17: 15638 -382 15115 152 -81 | 4014
18: 15419 -246 14896 152 -183 | 4464
19: 15502 -95 15064 -50 138 | 1618
20: 15553 -382 15149 135 19 | 4578
21: 15385 -129 14981 84 -149 | 1272
22: 15486 -382 14930 135 -166 | 4204
23: 15638 -112 14862 -33 -47 | 2579
24: 15317 -163 14981 -84 -81 | 1594
25: 15486 -263 14896 -101 -64 | 1511
26: 15368 -230 14828 67 -183 | 4482
27: 15519 -230 15115 -135 104 | 4025
28: 15638 -331 15132 -84 -149 | 1319
29: 15638 -129 15013 -135 104 | 1379
30: 15502 -163 15013 -152 2 | 1399
31: 15470 -348 14828 50 138 | 3222
32: 15638 -246 14981 -169 -132 | 1091
33: 15334 -331 14930 135 -81 | 2023
34: 15368 -230 14879 67 -64 | 4752
35: 15402 -180 15098 -16 -64 | 3806
36: 15536 -399 14862 101 -166 | 1340
37: 15536 -297 15098 -84 2 | 1451
38: 15570 -314 14828 101 104 | 3566
39: 15587 -95 14845 -135 -47 | 1333
40: 15317 -112 14997 84 2 | 5513
41: 15621 -197 15115 67 -166 | 1260
42: 15587 -78 15064 0 70 | 4249
43: 15436 -331 15047 -101 -166 | 1362
44: 15402 -214 15132 -84 -47 | 1609
45: 15436 -180 15132 -152 -64 | 1314
46: 15419 -382 14913 118 -47 | 4245
47: 15453 -280 14828 118 36 | 4539
48: 15553 -163 15030 -33 -115 | 1672
49: 15638 -146 14828 50 2 | 4706
50: 15351 -95 14879 33 -132 | 1477
51: 15368 -399 14981 -152 -166 | 1323
52: 15587 -78 15064 -152 -47 | 1176
53: 15351 -365 15081 67 138 | 1616
54: 15317 -263 14913 33 -47 | 2105
55: 15486 -197 15098 -135 104 | 1625
56: 15436 -129 15081 -135 -30 | 1430
57: 15486 -314 14981 152 -81 | 4405
58: 15351 -129 15132 101 -30 | 2433
59: 15419 -230 14879 67 -115 | 4614
60: 15368 -163 14913 -169 138 | 1464
61: 15402 -365 14879 -152 -98 | 1249
62: 15317 -382 14845 84 -132 | 3757
63: 15351 -112 14845 16 104 | 4050
64: 15638 -314 14913 118 36 | 4210
65: 15419 -129 14879 0 -14 | 2188
66: 15317 -314 14896 118 -98 | 4327
67: 15368 -365 14964 -67 87 | 1649
68: 15402 -95 15115 -67 36 | 1736
69: 15519 -246 14879 -84 19 | 2289
70: 15317 -314 14997 118 -149 | 3775
71: 15368 -348 15132 -50 -98 | 1962
72: 15317 -78 14997 -84 87 | 4243
73: 15453 -399 14997 -33 138 | 1535
74: 15419 -180 15115 84 2 | 4197
75: 15368 -399 14828 135 -98 | 2003
76: 15402 -230 14997 84 -64 | 4604
77: 15402 -95 14862 84 104 | 1834
78: 15453 -129 14964 0 36 | 2148
79: 15385 -230 14913 -50 121 | 3637
80: 15587 -180 15013 -67 -166 | 1663
81: 15368 -382 14845 84 138 | 3138
82: 15419 -197 14981 -16 138 | 1606
83: 15453 -163 14997 0 -166 | 1439
84: 15436 -230 14981 -33 -166 | 2046
85: 15351 -197 15013 -169 2 | 1567
86: 15351 -129 14913 50 53 | 2016
87: 15621 -263 15081 152 87 | 1941
88: 15419 -112 14964 84 -81 | 4699
89: 15453 -348 14828 135 53 | 4101
90: 15553 -112 15098 -118 -98 | 1433
91: 15470 -95 14997 50 121 | 1764
92: 15334 -146 14930 135 -183 | 4376
93: 15536 -129 14981 -33 -64 | 1566
94: 15402 -146 14913 -84 -149 | 1627
95: 15502 -180 14930 -101 -132 | 1465
96: 15519 -230 14845 -169 36 | 1578
97: 15621 -230 15013 -33 -132 | 2210
98: 15334 -365 15132 -169 19 | 1468
99: 15621 -180 14845 152 36 | 4669

generation 60
0: 15486 -230 14997 0 -14 | 6681
1: 15569 -346 14897 -116 19 | 1570
2: 15552 -396 15047 116 52 | 4103
3: 15353 -296 14997 -66 19 | 2678
4: 15519 -97 14831 -33 -130 | 1591
5: 15336 -180 15147 -116 -180 | 1478
6: 15370 -197 14997 66 -80 | 1959
7: 15619 -380 14981 66 -114 | 4411
8: 15336 -263 15097 -66 102 | 1834
9: 15486 -396 15080 50 -80 | 4771
10: 15436 -313 14914 -33 -97 | 1395
11: 15320 -380 15147 150 -97 | 3987
12: 15502 -363 14981 -150 -47 | 1290
13: 15569 -214 14981 100 -97 | 4915
14: 15536 -246 14931 -133 86 | 3714
15: 15370 -330 15097 150 102 | 3430
16: 15569 -97 14881 -166 119 | 1517
17: 15320 -396 15030 150 2 | 4320
18: 15470 -230 14931 133 2 | 4615
19: 15552 -296 15063 -100 -147 | 1348
20: 15320 -246 14897 -66 2 | 1952
21: 15519 -246 14964 -166 -180 | 1155
22: 15403 -147 15013 -166 -64 | 1358
23: 15470 -380 15147 -150 -180 | 1110
24: 15502 -230 14881 116 -164 | 4324
25: 15420 -214 15147 -150 69 | 2655
26: 15536 -380 14914 116 136 | 3527
27: 15453 -246 14831 100 -14 | 5020
28: 15536 -164 15113 -100 52 | 3808
29: 15403 -313 14947 -100 136 | 1596
30: 15320 -280 14847 -116 -114 | 1457
31: 15353 -246 14964 50 -147 | 4353
32: 15370 -280 15080 -166 -114 | 1061
33: 15552 -380 14931 83 -30 | 4603
34: 15453 -263 14881 116 -114 | 1991
35: 15486 -164 14981 116 136 | 3654
36: 15453 -114 15130 0 19 | 4944
37: 15370 -330 15063 -116 119 | 3604
38: 15586 -97 14914 33 136 | 1634
39: 15336 -296 15030 150 36 | 4353
40: 15336 -80 15047 -83 102 | 4377
41: 15470 -147 15013 150 -114 | 2050
42: 15353 -80 15063 -150 -30 | 1274
43: 15420 -130 14931 -166 136 | 3355
44: 15386 -114 15113 -150 -164 | 1208
45: 15453 -164 15147 -166 52 | 2193
46: 15536 -363 15047 133 136 | 1665
47: 15353 -263 14931 66 136 | 1547
48: 15486 -130 15130 -100 -30 | 1421
49: 15320 -346 15113 -66 69 | 3751
50: 15586 -363 15030 -66 -130 | 1293
51: 15403 -296 15113 -83 -64 | 1616
52: 15370 -230 14847 -16 -47 | 3219
53: 15320 -214 14964 -66 102 | 3713
54: 15436 -263 14931 133 -97 | 2037
55: 15569 -97 14831 50 86 | 1936
56: 15569 -380 15130 -33 136 | 3289
57: 15536 -180 14931 -133 -14 | 1250
58: 15403 -296 14831 -66 -64 | 1736
59: 15336 -97 15130 -16 86 | 1851
60: 15586 -246 15097 -133 136 | 3443
61: 15336 -246 15113 50 52 | 4042
62: 15403 -246 15097 -116 -30 | 1480
63: 15569 -263 14864 50 -14 | 2077
64: 15403 -97 14964 -83 86 | 1732
65: 15569 -97 14931 -66 -47 | 1812
66: 15353 -363 14981 16 86 | 1818
67: 15453 -330 15113 116 119 | 3259
68: 15519 -363 14947 -33 102 | 1716
69: 15586 -147 14914 0 -30 | 1824
70: 15569 -147 15147 100 36 | 2138
71: 15586 -214 15013 -133 -30 | 1269
72: 15502 -114 14881 -166 -47 | 1146
73: 15636 -396 15030 116 102 | 3618
74: 15486 -246 15013 -16 -30 | 3786
75: 15453 -313 15097 -83 86 | 1804
76: 15602 -180 15013 116 -30 | 5630
77: 15586 -313 15030 -33 -64 | 1597
78: 15353 -80 15097 -83 19 | 2372
79: 15586 -114 14897 -150 -80 | 1114
80: 15552 -346 14947 -83 36 | 2936
81: 15586 -296 15130 -100 2 | 1487
82: 15420 -363 14897 0 136 | 1660
83: 15536 -296 14897 133 52 | 4276
84: 15370 -396 14931 33 102 | 3620
85: 15619 -263 15063 66 -30 | 2345
86: 15519 -263 14914 150 52 | 2049
87: 15619 -280 14831 -33 19 | 5629
88: 15370 -147 15063 -33 -97 | 1389
89: 15403 -180 15013 -16 2 | 4138
90: 15619 -330 14881 -100 86 | 4151
91: 15536 -164 14914 150 -47 | 4458
92: 15420 -197 14981 16 2 | 2051
93: 15370 -380 15147 83 -14 | 4604
94: 15370 -97 14914 -16 119 | 1851
95: 15353 -164 15030 -83 69 | 4299
96: 15569 -346 15147 16 136 | 3594
97: 15586 -330 14914 50 69 | 3533
98: 15420 -214 14947 83 69 | 3533
99: 15502 -230 15097 -133 -97 | 1253

